mercado,anclas,via,eje,n_ventanas,rho_medio,t_NW,p_NW,pct_ventanas_rho_pos,p_binomial
US,octiles,criterios,volatilidad,107,-0.5832220738762796,-11.036753550887777,2.5741595396919823e-19,11.214953271028037,3.4854173062242376e-17
US,octiles,criterios,rentabilidad,107,0.030040053404539396,0.5506726077144397,0.5830168343297616,52.33644859813084,0.6991749840078744
US,octiles,criterios,caida_maxima,107,-0.3486871384067646,-6.0330929292981645,2.3928930421946302e-08,26.16822429906542,8.420013817717518e-07
US,octiles,espectral,volatilidad,107,0.7662563200300893,49.85863721960674,2.0737083124750765e-75,99.06542056074767,1.3312027775604574e-30
US,octiles,espectral,rentabilidad,107,0.15240440788840273,1.899685189388298,0.0601922658755273,57.00934579439252,0.17564027334487994
US,octiles,espectral,caida_maxima,107,0.6130056233357183,14.379536994266328,1.1756945252740321e-26,91.58878504672897,4.8556740181387856e-20
US,v1,criterios,volatilidad,107,-0.5040053404539386,-9.712925243383284,2.4820363278345035e-16,11.214953271028037,3.4854173062242376e-17
US,v1,criterios,rentabilidad,107,0.013351134846461936,0.27199234949014844,0.7861569740745881,49.532710280373834,1.0
US,v1,criterios,caida_maxima,107,-0.3248776145972408,-5.930755847809586,3.827177361786558e-08,23.364485981308412,2.9080967413009272e-08
US,v1,espectral,volatilidad,107,0.5705590140952457,15.705750229020115,1.9715971193951604e-29,99.06542056074767,1.3312027775604574e-30
US,v1,espectral,rentabilidad,107,0.07940749003325744,1.1693206840832788,0.2448971785966395,58.87850467289719,0.08135304820596598
US,v1,espectral,caida_maxima,107,0.49811459454197426,12.044918802417211,1.4309891965099143e-21,91.58878504672897,4.8556740181387856e-20
CO,octiles,criterios,volatilidad,97,-0.3443789887088856,-4.687353823556458,9.136666621414548e-06,26.804123711340207,5.458552817605789e-06
CO,octiles,criterios,rentabilidad,97,0.05130093274423171,0.8121824378996985,0.4186963680067008,53.608247422680414,0.5426101580458751
CO,octiles,criterios,caida_maxima,97,-0.32204221894943547,-4.441405588322444,2.392034041802326e-05,24.742268041237114,6.404732398670512e-07
CO,octiles,espectral,volatilidad,97,0.6539289693303657,18.085820411701473,1.1070587060821882e-32,91.75257731958763,1.999575403524945e-18
CO,octiles,espectral,rentabilidad,97,0.13842008523085494,2.2435058738493647,0.02716282346718376,56.70103092783505,0.22287765458337586
CO,octiles,espectral,caida_maxima,97,0.5448412378037788,11.438039402521696,1.2632443767931507e-19,88.65979381443299,1.4342435250828832e-15
CO,v1,criterios,volatilidad,97,-0.24300441826215027,-3.495098179201995,0.0007189570061481053,31.95876288659794,0.000490157948963301
CO,v1,criterios,rentabilidad,97,0.04516445753559154,0.6540790979673825,0.5146246797958192,52.577319587628864,0.684858777214404
CO,v1,criterios,caida_maxima,97,-0.2785959744722631,-3.876254795987726,0.00019405797989871873,26.804123711340207,5.458552817605789e-06
CO,v1,espectral,volatilidad,97,0.5376890540560645,16.424110789334442,1.2311520807363944e-29,92.78350515463917,1.7547391948534693e-19
CO,v1,espectral,rentabilidad,97,0.09332139634422035,1.5747505202882164,0.1186039829048234,55.670103092783506,0.30993353423900727
CO,v1,espectral,caida_maxima,97,0.4417921173603089,10.547543560889862,9.959519493767525e-18,87.62886597938144,1.0431765969668071e-14
