mercado,perfil,orness,n_en_tope_medio,n_posiciones_medio,hhi_medio,pct_ventanas_3_en_tope
CO,Guardian,0.0625,0.41237113402061853,10.628865979381443,0.16052158485434503,0.0
CO,Sentinel,0.1875,0.1958762886597938,11.8659793814433,0.14004557832234032,0.0
CO,Pragmatist,0.3125,0.17525773195876287,11.814432989690722,0.13669608984920123,0.0
CO,Analyst,0.4375,0.422680412371134,8.54639175257732,0.17875612840608157,0.0
CO,Strategist,0.5625,3.0,4.0,0.28000000000066794,100.0
CO,Adventurer,0.6875,3.0,4.0,0.279999999968916,100.0
CO,Innovator,0.8125,3.0,4.0,0.28000000000035397,100.0
CO,Visionary,0.9375,3.0,4.0,0.2800000000000833,100.0
US,Guardian,0.0625,0.6074766355140186,10.401869158878505,0.16489042658091355,0.0
US,Sentinel,0.1875,0.29906542056074764,11.97196261682243,0.14695373082404312,0.0
US,Pragmatist,0.3125,0.2803738317757009,11.74766355140187,0.14513371910980447,0.0
US,Analyst,0.4375,0.8037383177570093,7.4672897196261685,0.20337763195321693,0.0
US,Strategist,0.5625,3.0,4.0,0.28000000000049835,100.0
US,Adventurer,0.6875,3.0,4.0,0.2800000000007562,100.0
US,Innovator,0.8125,3.0,4.0,0.28000000000012565,100.0
US,Visionary,0.9375,3.0,4.0,0.2799999999997611,100.0
