mercado,perfil,orness,t,n_en_tope,n_posiciones,hhi
US,Guardian,0.0625,252,1,8,0.19683774358099296
US,Guardian,0.0625,273,1,8,0.20351358606840778
US,Guardian,0.0625,294,1,9,0.20245956585802333
US,Guardian,0.0625,315,1,6,0.2351060059529711
US,Guardian,0.0625,336,2,8,0.22078727933722814
US,Guardian,0.0625,357,2,8,0.22327377050262595
US,Guardian,0.0625,378,2,7,0.22121622672517788
US,Guardian,0.0625,399,1,9,0.20584575108187686
US,Guardian,0.0625,420,1,11,0.18350029668628082
US,Guardian,0.0625,441,1,11,0.18659443784518698
US,Guardian,0.0625,462,1,9,0.18272973794030106
US,Guardian,0.0625,483,0,9,0.1920622989006513
US,Guardian,0.0625,504,1,9,0.1866165783015327
US,Guardian,0.0625,525,1,12,0.16040853679518524
US,Guardian,0.0625,546,1,14,0.14786184951454334
US,Guardian,0.0625,567,1,13,0.1477878643513802
US,Guardian,0.0625,588,0,12,0.12913690739887318
US,Guardian,0.0625,609,0,11,0.1211196234956313
US,Guardian,0.0625,630,0,13,0.12823535693471416
US,Guardian,0.0625,651,0,15,0.12049727050202456
US,Guardian,0.0625,672,0,12,0.14349760145787638
US,Guardian,0.0625,693,0,11,0.1185893620221642
US,Guardian,0.0625,714,0,11,0.1388700447163963
US,Guardian,0.0625,735,0,13,0.09752404429092978
US,Guardian,0.0625,756,0,12,0.10044909134694413
US,Guardian,0.0625,777,0,11,0.11190016304426141
US,Guardian,0.0625,798,0,11,0.16336239100130434
US,Guardian,0.0625,819,0,9,0.1742350763606581
US,Guardian,0.0625,840,0,11,0.14829462077863964
US,Guardian,0.0625,861,0,10,0.14664858207032802
US,Guardian,0.0625,882,0,11,0.13718387753752015
US,Guardian,0.0625,903,0,11,0.1421999538374471
US,Guardian,0.0625,924,0,12,0.1392698552680613
US,Guardian,0.0625,945,1,13,0.1513546881380309
US,Guardian,0.0625,966,0,10,0.17034281311201105
US,Guardian,0.0625,987,1,11,0.19191265800278906
US,Guardian,0.0625,1008,1,9,0.196342248889601
US,Guardian,0.0625,1029,1,9,0.1849121216492365
US,Guardian,0.0625,1050,0,11,0.1541311808399204
US,Guardian,0.0625,1071,0,11,0.17364152137070035
US,Guardian,0.0625,1092,0,10,0.14477487623196583
US,Guardian,0.0625,1113,0,10,0.16508805862232842
US,Guardian,0.0625,1134,0,10,0.1675530141106279
US,Guardian,0.0625,1155,0,9,0.17201055755998446
US,Guardian,0.0625,1176,1,8,0.18586324666961176
US,Guardian,0.0625,1197,1,10,0.17437642205317275
US,Guardian,0.0625,1218,1,10,0.16303146445423974
US,Guardian,0.0625,1239,1,9,0.17365983318754274
US,Guardian,0.0625,1260,0,11,0.1451524976324081
US,Guardian,0.0625,1281,0,12,0.14130999857768095
US,Guardian,0.0625,1302,2,8,0.22892845624747277
US,Guardian,0.0625,1323,1,5,0.2442644615127057
US,Guardian,0.0625,1344,1,6,0.23167082355850005
US,Guardian,0.0625,1365,1,6,0.22827910570747983
US,Guardian,0.0625,1386,2,6,0.23020933453129147
US,Guardian,0.0625,1407,2,6,0.23168911438882636
US,Guardian,0.0625,1428,2,6,0.2285128941771073
US,Guardian,0.0625,1449,2,6,0.23834931784504368
US,Guardian,0.0625,1470,2,6,0.2539178707415782
US,Guardian,0.0625,1491,2,6,0.24158448106182226
US,Guardian,0.0625,1512,2,6,0.240764421738223
US,Guardian,0.0625,1533,2,5,0.24743747604094876
US,Guardian,0.0625,1554,2,6,0.22660711298573538
US,Guardian,0.0625,1575,0,8,0.19208012396571256
US,Guardian,0.0625,1596,0,9,0.17966139238104437
US,Guardian,0.0625,1617,0,9,0.16935233010492967
US,Guardian,0.0625,1638,0,11,0.14627182080909223
US,Guardian,0.0625,1659,0,11,0.15041497867475534
US,Guardian,0.0625,1680,1,14,0.14744335811414583
US,Guardian,0.0625,1701,0,12,0.14219525052879903
US,Guardian,0.0625,1722,0,13,0.12856927332500553
US,Guardian,0.0625,1743,0,13,0.10364048444717416
US,Guardian,0.0625,1764,0,11,0.10891614564262328
US,Guardian,0.0625,1785,0,15,0.10835268247383467
US,Guardian,0.0625,1806,0,10,0.1325842922270265
US,Guardian,0.0625,1827,0,10,0.1323203918437248
US,Guardian,0.0625,1848,0,9,0.1393453819381429
US,Guardian,0.0625,1869,1,10,0.17647118550581134
US,Guardian,0.0625,1890,1,10,0.17469865750666502
US,Guardian,0.0625,1911,1,9,0.17638716000603416
US,Guardian,0.0625,1932,1,8,0.18150985252829513
US,Guardian,0.0625,1953,1,10,0.18034387294437115
US,Guardian,0.0625,1974,1,8,0.1821887036887192
US,Guardian,0.0625,1995,2,7,0.22192977836672212
US,Guardian,0.0625,2016,2,7,0.22238373700252068
US,Guardian,0.0625,2037,2,10,0.21200760599159346
US,Guardian,0.0625,2058,1,8,0.19818775726506688
US,Guardian,0.0625,2079,1,7,0.19642755809391282
US,Guardian,0.0625,2100,1,11,0.17970087806182755
US,Guardian,0.0625,2121,0,10,0.17343326765302877
US,Guardian,0.0625,2142,0,12,0.1445966325218641
US,Guardian,0.0625,2163,0,11,0.17006109900395783
US,Guardian,0.0625,2184,0,13,0.13968259671590957
US,Guardian,0.0625,2205,0,14,0.10554785750893318
US,Guardian,0.0625,2226,0,13,0.11799760117865195
US,Guardian,0.0625,2247,0,14,0.11016767449726202
US,Guardian,0.0625,2268,0,17,0.08574865271873204
US,Guardian,0.0625,2289,0,17,0.09366154741717217
US,Guardian,0.0625,2310,0,16,0.10619876436050316
US,Guardian,0.0625,2331,0,15,0.094680446089003
US,Guardian,0.0625,2352,0,17,0.1014253375156967
US,Guardian,0.0625,2373,0,15,0.10781648002708391
US,Guardian,0.0625,2394,0,13,0.1175030881478415
US,Guardian,0.0625,2415,0,14,0.10235428173104648
US,Guardian,0.0625,2436,0,13,0.09887195265544155
US,Guardian,0.0625,2457,0,16,0.1124287677208936
US,Guardian,0.0625,2478,0,15,0.09242752011245325
US,Sentinel,0.1875,252,1,10,0.20158085198121856
US,Sentinel,0.1875,273,1,10,0.19716579820695188
US,Sentinel,0.1875,294,1,10,0.20274874473931925
US,Sentinel,0.1875,315,1,9,0.2216227897296102
US,Sentinel,0.1875,336,1,9,0.21675589391944752
US,Sentinel,0.1875,357,1,8,0.20539831211305193
US,Sentinel,0.1875,378,1,8,0.1928120842620505
US,Sentinel,0.1875,399,1,8,0.20118008939195453
US,Sentinel,0.1875,420,1,8,0.2204418021360552
US,Sentinel,0.1875,441,1,8,0.21174513471231315
US,Sentinel,0.1875,462,1,8,0.2018860284195665
US,Sentinel,0.1875,483,1,8,0.18946583154424101
US,Sentinel,0.1875,504,1,10,0.17813505630229667
US,Sentinel,0.1875,525,0,16,0.14108522828258055
US,Sentinel,0.1875,546,1,15,0.1438942171949648
US,Sentinel,0.1875,567,1,15,0.14584476560382167
US,Sentinel,0.1875,588,0,16,0.10703831864187918
US,Sentinel,0.1875,609,0,16,0.10916671308759078
US,Sentinel,0.1875,630,0,17,0.09448390159855041
US,Sentinel,0.1875,651,0,19,0.07930356559027325
US,Sentinel,0.1875,672,0,15,0.09079323252149192
US,Sentinel,0.1875,693,0,15,0.09688556891298533
US,Sentinel,0.1875,714,0,16,0.10182306337421844
US,Sentinel,0.1875,735,0,16,0.08760584502009999
US,Sentinel,0.1875,756,0,16,0.0933375843995852
US,Sentinel,0.1875,777,0,18,0.090010905296256
US,Sentinel,0.1875,798,0,14,0.11324207689786496
US,Sentinel,0.1875,819,0,12,0.14210821304650778
US,Sentinel,0.1875,840,0,12,0.1303745612048931
US,Sentinel,0.1875,861,0,13,0.12857515687627183
US,Sentinel,0.1875,882,0,14,0.13034532076330532
US,Sentinel,0.1875,903,0,13,0.13827603525016124
US,Sentinel,0.1875,924,0,14,0.11284871113875278
US,Sentinel,0.1875,945,0,15,0.11836934054025927
US,Sentinel,0.1875,966,0,13,0.14334804095665005
US,Sentinel,0.1875,987,1,13,0.15727455451626748
US,Sentinel,0.1875,1008,1,12,0.17834865873985858
US,Sentinel,0.1875,1029,1,10,0.19181306314217794
US,Sentinel,0.1875,1050,0,11,0.1603059501083686
US,Sentinel,0.1875,1071,0,10,0.14821197864728686
US,Sentinel,0.1875,1092,0,11,0.13576478998194833
US,Sentinel,0.1875,1113,0,9,0.1442337409511886
US,Sentinel,0.1875,1134,0,10,0.14680418612230725
US,Sentinel,0.1875,1155,0,9,0.1540802706315445
US,Sentinel,0.1875,1176,0,9,0.1527565467434548
US,Sentinel,0.1875,1197,0,11,0.1485970267245819
US,Sentinel,0.1875,1218,0,12,0.13029891716863362
US,Sentinel,0.1875,1239,0,12,0.1421462545339247
US,Sentinel,0.1875,1260,0,14,0.11171051749814645
US,Sentinel,0.1875,1281,0,13,0.10743394687549945
US,Sentinel,0.1875,1302,0,13,0.1365895822758035
US,Sentinel,0.1875,1323,1,7,0.20390473955481986
US,Sentinel,0.1875,1344,1,7,0.2006665411349728
US,Sentinel,0.1875,1365,1,7,0.20165104407653558
US,Sentinel,0.1875,1386,1,6,0.20358159152038974
US,Sentinel,0.1875,1407,1,8,0.20143423544907108
US,Sentinel,0.1875,1428,1,7,0.19827013373460758
US,Sentinel,0.1875,1449,0,7,0.19390855769600635
US,Sentinel,0.1875,1470,1,7,0.20890743591533395
US,Sentinel,0.1875,1491,1,8,0.20556770210361758
US,Sentinel,0.1875,1512,1,8,0.20752473357608647
US,Sentinel,0.1875,1533,1,7,0.2047456956473261
US,Sentinel,0.1875,1554,0,8,0.19082972380328522
US,Sentinel,0.1875,1575,0,10,0.16103192758559337
US,Sentinel,0.1875,1596,0,9,0.15701304177719688
US,Sentinel,0.1875,1617,0,10,0.1709489069055315
US,Sentinel,0.1875,1638,0,12,0.14245086890843559
US,Sentinel,0.1875,1659,0,12,0.1439768200682235
US,Sentinel,0.1875,1680,0,16,0.1447092826171751
US,Sentinel,0.1875,1701,0,15,0.11259245767217545
US,Sentinel,0.1875,1722,0,15,0.09532669269816721
US,Sentinel,0.1875,1743,0,15,0.08974637951528674
US,Sentinel,0.1875,1764,0,17,0.08300943747676104
US,Sentinel,0.1875,1785,0,17,0.09269450263316273
US,Sentinel,0.1875,1806,0,13,0.11062665477609272
US,Sentinel,0.1875,1827,0,12,0.12373909865965191
US,Sentinel,0.1875,1848,0,11,0.11471364625881136
US,Sentinel,0.1875,1869,0,11,0.13860975912505424
US,Sentinel,0.1875,1890,0,10,0.1669490005267964
US,Sentinel,0.1875,1911,0,11,0.14964169267163702
US,Sentinel,0.1875,1932,0,9,0.16231224841909184
US,Sentinel,0.1875,1953,1,7,0.1789967381137293
US,Sentinel,0.1875,1974,1,8,0.18598764854588015
US,Sentinel,0.1875,1995,1,7,0.19205776343072395
US,Sentinel,0.1875,2016,0,8,0.20001445273077653
US,Sentinel,0.1875,2037,1,10,0.19448097267463835
US,Sentinel,0.1875,2058,0,10,0.19847128913233786
US,Sentinel,0.1875,2079,0,9,0.18102475997665848
US,Sentinel,0.1875,2100,0,11,0.15632617962192052
US,Sentinel,0.1875,2121,0,10,0.1536701276924667
US,Sentinel,0.1875,2142,0,15,0.12284100000714179
US,Sentinel,0.1875,2163,0,14,0.13428695894202053
US,Sentinel,0.1875,2184,0,14,0.12946562249451118
US,Sentinel,0.1875,2205,0,14,0.12264206261952525
US,Sentinel,0.1875,2226,0,14,0.12325884416500407
US,Sentinel,0.1875,2247,0,15,0.10563863347411884
US,Sentinel,0.1875,2268,0,18,0.08116366577542147
US,Sentinel,0.1875,2289,0,17,0.09120518543401399
US,Sentinel,0.1875,2310,0,15,0.1005004626406979
US,Sentinel,0.1875,2331,0,17,0.09565061392526461
US,Sentinel,0.1875,2352,0,17,0.09375737228026858
US,Sentinel,0.1875,2373,0,15,0.09644786993286401
US,Sentinel,0.1875,2394,0,16,0.09207749781845972
US,Sentinel,0.1875,2415,0,14,0.09511849474934903
US,Sentinel,0.1875,2436,0,15,0.09293045288859375
US,Sentinel,0.1875,2457,0,18,0.11370151350538167
US,Sentinel,0.1875,2478,0,18,0.08517969477591458
US,Pragmatist,0.3125,252,1,11,0.18393022642633122
US,Pragmatist,0.3125,273,1,11,0.17534353629501367
US,Pragmatist,0.3125,294,1,11,0.19030938909682338
US,Pragmatist,0.3125,315,1,10,0.20327570468597042
US,Pragmatist,0.3125,336,2,11,0.21110659064168152
US,Pragmatist,0.3125,357,2,11,0.20817177801648462
US,Pragmatist,0.3125,378,2,9,0.20705120846570219
US,Pragmatist,0.3125,399,1,9,0.18064198478621996
US,Pragmatist,0.3125,420,1,7,0.22165026367300347
US,Pragmatist,0.3125,441,1,8,0.21337105995531505
US,Pragmatist,0.3125,462,1,6,0.20273940540846927
US,Pragmatist,0.3125,483,1,7,0.18800296324572263
US,Pragmatist,0.3125,504,1,10,0.17671695615459443
US,Pragmatist,0.3125,525,0,16,0.12582750537906268
US,Pragmatist,0.3125,546,0,15,0.1346507933909832
US,Pragmatist,0.3125,567,0,15,0.13428962869389663
US,Pragmatist,0.3125,588,0,16,0.10365277498031857
US,Pragmatist,0.3125,609,0,13,0.10690687115429418
US,Pragmatist,0.3125,630,0,16,0.10498885980173642
US,Pragmatist,0.3125,651,0,17,0.08703122834489024
US,Pragmatist,0.3125,672,0,16,0.09967679193818868
US,Pragmatist,0.3125,693,0,15,0.0970845898324285
US,Pragmatist,0.3125,714,0,15,0.09871416256140741
US,Pragmatist,0.3125,735,0,17,0.0844103430659294
US,Pragmatist,0.3125,756,0,18,0.0882727524440258
US,Pragmatist,0.3125,777,0,16,0.09609352023146531
US,Pragmatist,0.3125,798,0,15,0.1133163709297887
US,Pragmatist,0.3125,819,0,14,0.1426469212210708
US,Pragmatist,0.3125,840,0,14,0.13683290063931036
US,Pragmatist,0.3125,861,0,14,0.12952204443330123
US,Pragmatist,0.3125,882,0,13,0.12754944761288056
US,Pragmatist,0.3125,903,0,12,0.11488849130337374
US,Pragmatist,0.3125,924,0,14,0.10517456439806297
US,Pragmatist,0.3125,945,0,15,0.10772143250725846
US,Pragmatist,0.3125,966,0,13,0.14044682796185554
US,Pragmatist,0.3125,987,1,12,0.16717724895189762
US,Pragmatist,0.3125,1008,1,10,0.19961997768393352
US,Pragmatist,0.3125,1029,1,9,0.18574453301765442
US,Pragmatist,0.3125,1050,0,8,0.17008077171586394
US,Pragmatist,0.3125,1071,0,12,0.1378122441023583
US,Pragmatist,0.3125,1092,0,12,0.13707620487757863
US,Pragmatist,0.3125,1113,0,9,0.14434220778252652
US,Pragmatist,0.3125,1134,0,10,0.151232472676064
US,Pragmatist,0.3125,1155,0,12,0.15724525246993484
US,Pragmatist,0.3125,1176,0,9,0.15395897455885063
US,Pragmatist,0.3125,1197,0,11,0.15894391035725708
US,Pragmatist,0.3125,1218,0,14,0.11766274030655322
US,Pragmatist,0.3125,1239,0,14,0.11666637331823125
US,Pragmatist,0.3125,1260,0,15,0.10244437737035436
US,Pragmatist,0.3125,1281,0,13,0.10759217726531145
US,Pragmatist,0.3125,1302,0,12,0.12326355646840026
US,Pragmatist,0.3125,1323,1,8,0.19238482921769656
US,Pragmatist,0.3125,1344,1,7,0.19275147615635135
US,Pragmatist,0.3125,1365,1,7,0.1908812079914664
US,Pragmatist,0.3125,1386,1,8,0.2026806419715802
US,Pragmatist,0.3125,1407,1,7,0.19980361265253652
US,Pragmatist,0.3125,1428,0,8,0.19823006194643836
US,Pragmatist,0.3125,1449,0,8,0.1630555100217153
US,Pragmatist,0.3125,1470,0,8,0.17310120694083442
US,Pragmatist,0.3125,1491,0,8,0.18060004966915094
US,Pragmatist,0.3125,1512,0,8,0.18054238906538567
US,Pragmatist,0.3125,1533,0,7,0.2027851619644871
US,Pragmatist,0.3125,1554,0,8,0.1602280397044139
US,Pragmatist,0.3125,1575,0,10,0.1285666333703232
US,Pragmatist,0.3125,1596,0,10,0.13973060166178133
US,Pragmatist,0.3125,1617,0,13,0.15199409976720388
US,Pragmatist,0.3125,1638,0,14,0.13305521047834915
US,Pragmatist,0.3125,1659,0,14,0.13719855405151551
US,Pragmatist,0.3125,1680,0,12,0.15323218772457697
US,Pragmatist,0.3125,1701,0,13,0.11509518323673634
US,Pragmatist,0.3125,1722,0,14,0.10296616423578601
US,Pragmatist,0.3125,1743,0,12,0.11024283714439079
US,Pragmatist,0.3125,1764,0,16,0.09017990927488576
US,Pragmatist,0.3125,1785,0,14,0.09912912415304978
US,Pragmatist,0.3125,1806,0,12,0.13502730939281657
US,Pragmatist,0.3125,1827,0,10,0.16913888103053898
US,Pragmatist,0.3125,1848,0,10,0.12177982525377322
US,Pragmatist,0.3125,1869,0,11,0.1384185969316412
US,Pragmatist,0.3125,1890,0,10,0.15930641320673145
US,Pragmatist,0.3125,1911,0,10,0.15334469751314167
US,Pragmatist,0.3125,1932,0,11,0.1741832226001432
US,Pragmatist,0.3125,1953,0,8,0.17979395097719267
US,Pragmatist,0.3125,1974,0,7,0.18271535189775343
US,Pragmatist,0.3125,1995,1,8,0.1701809207894026
US,Pragmatist,0.3125,2016,1,8,0.16853635480088716
US,Pragmatist,0.3125,2037,1,10,0.16919165419114068
US,Pragmatist,0.3125,2058,1,9,0.20133493164445823
US,Pragmatist,0.3125,2079,0,8,0.2009725805627232
US,Pragmatist,0.3125,2100,1,10,0.20085643222000504
US,Pragmatist,0.3125,2121,1,10,0.18887463173154836
US,Pragmatist,0.3125,2142,0,11,0.15351063990771363
US,Pragmatist,0.3125,2163,0,10,0.1387172272306301
US,Pragmatist,0.3125,2184,0,12,0.1405953160759485
US,Pragmatist,0.3125,2205,0,13,0.13069783923380052
US,Pragmatist,0.3125,2226,0,12,0.13918665067244024
US,Pragmatist,0.3125,2247,0,14,0.09369668793036484
US,Pragmatist,0.3125,2268,0,15,0.0803597603521217
US,Pragmatist,0.3125,2289,0,15,0.09264142880806468
US,Pragmatist,0.3125,2310,0,16,0.10242908427164715
US,Pragmatist,0.3125,2331,0,17,0.1044610525192913
US,Pragmatist,0.3125,2352,0,16,0.0898393903636884
US,Pragmatist,0.3125,2373,0,14,0.08197632055729726
US,Pragmatist,0.3125,2394,0,15,0.07982211532466242
US,Pragmatist,0.3125,2415,0,15,0.09360469256164228
US,Pragmatist,0.3125,2436,0,14,0.09092145507116965
US,Pragmatist,0.3125,2457,0,15,0.1352175110761868
US,Pragmatist,0.3125,2478,0,15,0.09666741304822432
US,Analyst,0.4375,252,1,8,0.2059080762007764
US,Analyst,0.4375,273,1,9,0.16045250286569057
US,Analyst,0.4375,294,1,11,0.17726286392709778
US,Analyst,0.4375,315,1,7,0.1817979263416442
US,Analyst,0.4375,336,1,6,0.2066126521218412
US,Analyst,0.4375,357,1,5,0.239388541651556
US,Analyst,0.4375,378,2,5,0.2627067476703802
US,Analyst,0.4375,399,2,7,0.2371842410421661
US,Analyst,0.4375,420,2,6,0.2581353239512226
US,Analyst,0.4375,441,2,5,0.24525134638607243
US,Analyst,0.4375,462,1,6,0.23234977341262925
US,Analyst,0.4375,483,2,5,0.2640826504286914
US,Analyst,0.4375,504,1,6,0.22862329277378232
US,Analyst,0.4375,525,1,7,0.20343604572877166
US,Analyst,0.4375,546,0,7,0.18995809818160547
US,Analyst,0.4375,567,0,7,0.18560977180055604
US,Analyst,0.4375,588,0,9,0.181429529494009
US,Analyst,0.4375,609,0,8,0.17313718338414708
US,Analyst,0.4375,630,1,6,0.19894388128112875
US,Analyst,0.4375,651,0,5,0.2126867988765065
US,Analyst,0.4375,672,1,8,0.20607753271442641
US,Analyst,0.4375,693,0,10,0.118031760520199
US,Analyst,0.4375,714,0,8,0.14639367830849737
US,Analyst,0.4375,735,0,8,0.15632667817460733
US,Analyst,0.4375,756,0,10,0.14143461592422402
US,Analyst,0.4375,777,0,10,0.15055516868770102
US,Analyst,0.4375,798,0,6,0.21308801446785613
US,Analyst,0.4375,819,1,9,0.17136828377893643
US,Analyst,0.4375,840,1,9,0.1747229268370318
US,Analyst,0.4375,861,1,7,0.17727085148949406
US,Analyst,0.4375,882,1,7,0.19186225850490676
US,Analyst,0.4375,903,0,7,0.2139021172685883
US,Analyst,0.4375,924,2,6,0.24744065436367274
US,Analyst,0.4375,945,1,7,0.2071400623189763
US,Analyst,0.4375,966,2,9,0.21703122705534855
US,Analyst,0.4375,987,1,8,0.21733462244752083
US,Analyst,0.4375,1008,2,6,0.2284231968037026
US,Analyst,0.4375,1029,1,8,0.21095050062824663
US,Analyst,0.4375,1050,2,9,0.20781200061167646
US,Analyst,0.4375,1071,2,7,0.25582041003885597
US,Analyst,0.4375,1092,1,6,0.2172698278291136
US,Analyst,0.4375,1113,1,8,0.21512460593336458
US,Analyst,0.4375,1134,1,6,0.23564422071180421
US,Analyst,0.4375,1155,1,8,0.2063282383545444
US,Analyst,0.4375,1176,1,8,0.18671000403852506
US,Analyst,0.4375,1197,1,8,0.23519234945093115
US,Analyst,0.4375,1218,1,10,0.16765955188694107
US,Analyst,0.4375,1239,1,10,0.16564426410854807
US,Analyst,0.4375,1260,1,11,0.20511023515729215
US,Analyst,0.4375,1281,1,6,0.25238751342359544
US,Analyst,0.4375,1302,0,9,0.1874889751304239
US,Analyst,0.4375,1323,2,9,0.2131103976221415
US,Analyst,0.4375,1344,2,6,0.23344088602793156
US,Analyst,0.4375,1365,0,6,0.18148429045076425
US,Analyst,0.4375,1386,1,5,0.23472669896585902
US,Analyst,0.4375,1407,0,5,0.2283910837781612
US,Analyst,0.4375,1428,0,5,0.2215627114851928
US,Analyst,0.4375,1449,1,5,0.21451286349669874
US,Analyst,0.4375,1470,0,6,0.19893321572099154
US,Analyst,0.4375,1491,1,5,0.2587599177676776
US,Analyst,0.4375,1512,0,7,0.20804816628790646
US,Analyst,0.4375,1533,2,6,0.25892638121676687
US,Analyst,0.4375,1554,0,7,0.2358533518360334
US,Analyst,0.4375,1575,0,12,0.12343185641999449
US,Analyst,0.4375,1596,0,10,0.11857155347942572
US,Analyst,0.4375,1617,0,11,0.12877862619262243
US,Analyst,0.4375,1638,0,9,0.13101664206175917
US,Analyst,0.4375,1659,0,9,0.20828345867888354
US,Analyst,0.4375,1680,0,9,0.16832948008290813
US,Analyst,0.4375,1701,0,8,0.19643117845191316
US,Analyst,0.4375,1722,0,10,0.1425865336074284
US,Analyst,0.4375,1743,0,7,0.16877919427915083
US,Analyst,0.4375,1764,0,9,0.13989827613778405
US,Analyst,0.4375,1785,0,10,0.14685979101460045
US,Analyst,0.4375,1806,1,7,0.25162575967980877
US,Analyst,0.4375,1827,2,6,0.2673877134303938
US,Analyst,0.4375,1848,0,8,0.19985248774574982
US,Analyst,0.4375,1869,2,8,0.2223205442460553
US,Analyst,0.4375,1890,1,7,0.20900954101619618
US,Analyst,0.4375,1911,0,8,0.22676634243626353
US,Analyst,0.4375,1932,1,6,0.22547454901270864
US,Analyst,0.4375,1953,1,7,0.20099260830400306
US,Analyst,0.4375,1974,1,6,0.20261808700257342
US,Analyst,0.4375,1995,1,6,0.25346282253815977
US,Analyst,0.4375,2016,1,7,0.24861458334599076
US,Analyst,0.4375,2037,1,9,0.19380220275390347
US,Analyst,0.4375,2058,2,7,0.229398579923854
US,Analyst,0.4375,2079,2,7,0.24348186408682018
US,Analyst,0.4375,2100,2,9,0.21219835000744425
US,Analyst,0.4375,2121,1,6,0.24764897727063306
US,Analyst,0.4375,2142,1,6,0.21543925016224003
US,Analyst,0.4375,2163,2,7,0.21267610721068542
US,Analyst,0.4375,2184,2,6,0.23440042950537454
US,Analyst,0.4375,2205,0,8,0.1985523425551558
US,Analyst,0.4375,2226,1,6,0.2134719898897136
US,Analyst,0.4375,2247,0,9,0.17721659663023334
US,Analyst,0.4375,2268,0,6,0.22438277157004463
US,Analyst,0.4375,2289,0,6,0.20334656838101225
US,Analyst,0.4375,2310,0,6,0.18245073133822431
US,Analyst,0.4375,2331,1,9,0.1805831299033957
US,Analyst,0.4375,2352,1,10,0.19889336357660495
US,Analyst,0.4375,2373,1,6,0.22982956863000437
US,Analyst,0.4375,2394,0,8,0.19180619949944464
US,Analyst,0.4375,2415,0,9,0.1451777280471065
US,Analyst,0.4375,2436,0,8,0.17360550993863744
US,Analyst,0.4375,2457,1,8,0.18179950382452137
US,Analyst,0.4375,2478,0,7,0.22989966597883046
US,Strategist,0.5625,252,3,4,0.2800000000000009
US,Strategist,0.5625,273,3,4,0.2800000000000233
US,Strategist,0.5625,294,3,4,0.27999999999999964
US,Strategist,0.5625,315,3,4,0.2800000000000001
US,Strategist,0.5625,336,3,4,0.27999999999999925
US,Strategist,0.5625,357,3,4,0.28000000000037384
US,Strategist,0.5625,378,3,4,0.2800000000029526
US,Strategist,0.5625,399,3,4,0.2800000000001458
US,Strategist,0.5625,420,3,4,0.2800000000000003
US,Strategist,0.5625,441,3,4,0.28000000000215186
US,Strategist,0.5625,462,3,4,0.28000000000117786
US,Strategist,0.5625,483,3,4,0.28000000000000863
US,Strategist,0.5625,504,3,4,0.2800000000000092
US,Strategist,0.5625,525,3,4,0.28000000000000325
US,Strategist,0.5625,546,3,4,0.28000000000003644
US,Strategist,0.5625,567,3,4,0.280000000000006
US,Strategist,0.5625,588,3,4,0.2800000000003205
US,Strategist,0.5625,609,3,4,0.28000000000018954
US,Strategist,0.5625,630,3,4,0.2800000000000547
US,Strategist,0.5625,651,3,4,0.2800000000003311
US,Strategist,0.5625,672,3,4,0.28000000000004543
US,Strategist,0.5625,693,3,4,0.2800000000085374
US,Strategist,0.5625,714,3,4,0.2800000000000041
US,Strategist,0.5625,735,3,4,0.28000000000006503
US,Strategist,0.5625,756,3,4,0.28000000000017516
US,Strategist,0.5625,777,3,4,0.2800000000000306
US,Strategist,0.5625,798,3,4,0.2800000000000017
US,Strategist,0.5625,819,3,4,0.2800000000000046
US,Strategist,0.5625,840,3,4,0.2800000000000037
US,Strategist,0.5625,861,3,4,0.2800000000000028
US,Strategist,0.5625,882,3,4,0.28000000000010916
US,Strategist,0.5625,903,3,4,0.2800000000000101
US,Strategist,0.5625,924,3,4,0.28000000000000014
US,Strategist,0.5625,945,3,4,0.2800000000000069
US,Strategist,0.5625,966,3,4,0.2800000000003916
US,Strategist,0.5625,987,3,4,0.2800000000000035
US,Strategist,0.5625,1008,3,4,0.28000000000000513
US,Strategist,0.5625,1029,3,4,0.2800000000000091
US,Strategist,0.5625,1050,3,4,0.28000000000000824
US,Strategist,0.5625,1071,3,4,0.28
US,Strategist,0.5625,1092,3,4,0.28000000000000047
US,Strategist,0.5625,1113,3,4,0.2800000000000018
US,Strategist,0.5625,1134,3,4,0.27999999999999814
US,Strategist,0.5625,1155,3,4,0.2800000000000509
US,Strategist,0.5625,1176,3,4,0.2799999999999997
US,Strategist,0.5625,1197,3,4,0.27999999999999803
US,Strategist,0.5625,1218,3,4,0.2800000000008687
US,Strategist,0.5625,1239,3,4,0.28000000000005265
US,Strategist,0.5625,1260,3,4,0.2800000000001631
US,Strategist,0.5625,1281,3,4,0.28000000000000014
US,Strategist,0.5625,1302,3,4,0.28000000000000036
US,Strategist,0.5625,1323,3,4,0.28000000000073166
US,Strategist,0.5625,1344,3,4,0.27999999999999936
US,Strategist,0.5625,1365,3,4,0.2800000000000033
US,Strategist,0.5625,1386,3,4,0.2800000000000177
US,Strategist,0.5625,1407,3,4,0.28000000000000297
US,Strategist,0.5625,1428,3,4,0.28000000000000247
US,Strategist,0.5625,1449,3,4,0.28000000000000036
US,Strategist,0.5625,1470,3,4,0.28000000000598835
US,Strategist,0.5625,1491,3,4,0.28000000001127906
US,Strategist,0.5625,1512,3,4,0.2800000000000947
US,Strategist,0.5625,1533,3,4,0.28000000000000114
US,Strategist,0.5625,1554,3,4,0.2800000000000362
US,Strategist,0.5625,1575,3,4,0.28000000000004044
US,Strategist,0.5625,1596,3,4,0.2800000000000025
US,Strategist,0.5625,1617,3,4,0.28000000000042374
US,Strategist,0.5625,1638,3,4,0.2800000000000009
US,Strategist,0.5625,1659,3,4,0.28000000000000963
US,Strategist,0.5625,1680,3,4,0.28000000000005604
US,Strategist,0.5625,1701,3,4,0.2800000000000016
US,Strategist,0.5625,1722,3,4,0.2800000000000037
US,Strategist,0.5625,1743,3,4,0.28000000000009273
US,Strategist,0.5625,1764,3,4,0.2800000000000147
US,Strategist,0.5625,1785,3,4,0.27999999999999947
US,Strategist,0.5625,1806,3,4,0.28000000000000175
US,Strategist,0.5625,1827,3,4,0.28000000000017955
US,Strategist,0.5625,1848,3,4,0.28000000000000125
US,Strategist,0.5625,1869,3,4,0.27999999999999664
US,Strategist,0.5625,1890,3,4,0.2799999999957134
US,Strategist,0.5625,1911,3,4,0.27999999999999997
US,Strategist,0.5625,1932,3,4,0.28000000000002306
US,Strategist,0.5625,1953,3,4,0.28000000000003544
US,Strategist,0.5625,1974,3,4,0.2800000000131024
US,Strategist,0.5625,1995,3,4,0.27999999999999914
US,Strategist,0.5625,2016,3,4,0.28
US,Strategist,0.5625,2037,3,4,0.28000000000000597
US,Strategist,0.5625,2058,3,4,0.28000000000018227
US,Strategist,0.5625,2079,3,4,0.28000000000673697
US,Strategist,0.5625,2100,3,4,0.2800000000000342
US,Strategist,0.5625,2121,3,4,0.2800000000001591
US,Strategist,0.5625,2142,3,4,0.2800000000000003
US,Strategist,0.5625,2163,3,4,0.279999999999999
US,Strategist,0.5625,2184,3,4,0.2799999999999998
US,Strategist,0.5625,2205,3,4,0.28000000000000075
US,Strategist,0.5625,2226,3,4,0.27999999999999964
US,Strategist,0.5625,2247,3,4,0.27999999999999997
US,Strategist,0.5625,2268,3,4,0.2799999999999998
US,Strategist,0.5625,2289,3,4,0.27999999999999964
US,Strategist,0.5625,2310,3,4,0.27999999999999864
US,Strategist,0.5625,2331,3,4,0.28000000000000114
US,Strategist,0.5625,2352,3,4,0.28000000000000075
US,Strategist,0.5625,2373,3,4,0.28000000000000075
US,Strategist,0.5625,2394,3,4,0.28000000000000064
US,Strategist,0.5625,2415,3,4,0.28000000000000114
US,Strategist,0.5625,2436,3,4,0.28000000000000513
US,Strategist,0.5625,2457,3,4,0.2800000000000117
US,Strategist,0.5625,2478,3,4,0.2799999999999973
US,Adventurer,0.6875,252,3,4,0.2800000000000032
US,Adventurer,0.6875,273,3,4,0.28
US,Adventurer,0.6875,294,3,4,0.28000000000022285
US,Adventurer,0.6875,315,3,4,0.28000000000000025
US,Adventurer,0.6875,336,3,4,0.28000000000001485
US,Adventurer,0.6875,357,3,4,0.28000000000000086
US,Adventurer,0.6875,378,3,4,0.2799999999999995
US,Adventurer,0.6875,399,3,4,0.28000000000004377
US,Adventurer,0.6875,420,3,4,0.27999999999999947
US,Adventurer,0.6875,441,3,4,0.27999999999999947
US,Adventurer,0.6875,462,3,4,0.28000000002606595
US,Adventurer,0.6875,483,3,4,0.2800000000025427
US,Adventurer,0.6875,504,3,4,0.2800000000000023
US,Adventurer,0.6875,525,3,4,0.28000000000016484
US,Adventurer,0.6875,546,3,4,0.2800000000003892
US,Adventurer,0.6875,567,3,4,0.28
US,Adventurer,0.6875,588,3,4,0.2800000000000001
US,Adventurer,0.6875,609,3,4,0.28000000000144826
US,Adventurer,0.6875,630,3,4,0.2800000000028414
US,Adventurer,0.6875,651,3,4,0.280000000001103
US,Adventurer,0.6875,672,3,4,0.28000000000018466
US,Adventurer,0.6875,693,3,4,0.28000000000004
US,Adventurer,0.6875,714,3,4,0.2800000000000055
US,Adventurer,0.6875,735,3,4,0.28000000000000025
US,Adventurer,0.6875,756,3,4,0.28000000000000064
US,Adventurer,0.6875,777,3,4,0.2799999999999999
US,Adventurer,0.6875,798,3,4,0.28000000000008984
US,Adventurer,0.6875,819,3,4,0.27999999999999897
US,Adventurer,0.6875,840,3,4,0.27999999999999986
US,Adventurer,0.6875,861,3,4,0.28000000000000047
US,Adventurer,0.6875,882,3,4,0.28000000000000086
US,Adventurer,0.6875,903,3,4,0.27999999999999997
US,Adventurer,0.6875,924,3,4,0.28000000000000014
US,Adventurer,0.6875,945,3,4,0.28000000000000064
US,Adventurer,0.6875,966,3,4,0.27999999999999947
US,Adventurer,0.6875,987,3,4,0.28000000000004105
US,Adventurer,0.6875,1008,3,4,0.28000000000000563
US,Adventurer,0.6875,1029,3,4,0.2800000000000019
US,Adventurer,0.6875,1050,3,4,0.27999999999999997
US,Adventurer,0.6875,1071,3,4,0.28000000000000147
US,Adventurer,0.6875,1092,3,4,0.2799999999999998
US,Adventurer,0.6875,1113,3,4,0.2800000000000008
US,Adventurer,0.6875,1134,3,4,0.28
US,Adventurer,0.6875,1155,3,4,0.27999999999999975
US,Adventurer,0.6875,1176,3,4,0.28000000000000025
US,Adventurer,0.6875,1197,3,4,0.27999999999999997
US,Adventurer,0.6875,1218,3,4,0.2800000000000244
US,Adventurer,0.6875,1239,3,4,0.2800000000000679
US,Adventurer,0.6875,1260,3,4,0.280000000000001
US,Adventurer,0.6875,1281,3,4,0.28000000000080194
US,Adventurer,0.6875,1302,3,4,0.2800000000000074
US,Adventurer,0.6875,1323,3,4,0.28000000000000325
US,Adventurer,0.6875,1344,3,4,0.28000000000000314
US,Adventurer,0.6875,1365,3,4,0.2800000000000004
US,Adventurer,0.6875,1386,3,4,0.28000000000000036
US,Adventurer,0.6875,1407,3,4,0.28
US,Adventurer,0.6875,1428,3,4,0.279999999999999
US,Adventurer,0.6875,1449,3,4,0.2800000000000012
US,Adventurer,0.6875,1470,3,4,0.279999999999999
US,Adventurer,0.6875,1491,3,4,0.280000000023364
US,Adventurer,0.6875,1512,3,4,0.28000000000057235
US,Adventurer,0.6875,1533,3,4,0.28000000000005043
US,Adventurer,0.6875,1554,3,4,0.28000000000001257
US,Adventurer,0.6875,1575,3,4,0.28000000000034236
US,Adventurer,0.6875,1596,3,4,0.28
US,Adventurer,0.6875,1617,3,4,0.2799999999999997
US,Adventurer,0.6875,1638,3,4,0.2800000000000035
US,Adventurer,0.6875,1659,3,4,0.2799999999999997
US,Adventurer,0.6875,1680,3,4,0.2799999999999999
US,Adventurer,0.6875,1701,3,4,0.2800000000000046
US,Adventurer,0.6875,1722,3,4,0.28000000000001773
US,Adventurer,0.6875,1743,3,4,0.28
US,Adventurer,0.6875,1764,3,4,0.2800000000000001
US,Adventurer,0.6875,1785,3,4,0.280000000006452
US,Adventurer,0.6875,1806,3,4,0.27999999999999997
US,Adventurer,0.6875,1827,3,4,0.2800000000178533
US,Adventurer,0.6875,1848,3,4,0.28000000000001407
US,Adventurer,0.6875,1869,3,4,0.2800000000000891
US,Adventurer,0.6875,1890,3,4,0.2799999999999999
US,Adventurer,0.6875,1911,3,4,0.280000000000019
US,Adventurer,0.6875,1932,3,4,0.2800000000000145
US,Adventurer,0.6875,1953,3,4,0.280000000000003
US,Adventurer,0.6875,1974,3,4,0.28000000000098324
US,Adventurer,0.6875,1995,3,4,0.28000000000000114
US,Adventurer,0.6875,2016,3,4,0.28000000000000036
US,Adventurer,0.6875,2037,3,4,0.2800000000000002
US,Adventurer,0.6875,2058,3,4,0.2800000000000007
US,Adventurer,0.6875,2079,3,4,0.2800000000000003
US,Adventurer,0.6875,2100,3,4,0.2800000000000023
US,Adventurer,0.6875,2121,3,4,0.280000000000005
US,Adventurer,0.6875,2142,3,4,0.2800000000000003
US,Adventurer,0.6875,2163,3,4,0.2800000000000008
US,Adventurer,0.6875,2184,3,4,0.2799999999999995
US,Adventurer,0.6875,2205,3,4,0.28000000000000047
US,Adventurer,0.6875,2226,3,4,0.28000000000000064
US,Adventurer,0.6875,2247,3,4,0.27999999999999986
US,Adventurer,0.6875,2268,3,4,0.27999999999999964
US,Adventurer,0.6875,2289,3,4,0.27999999999999997
US,Adventurer,0.6875,2310,3,4,0.2799999999999886
US,Adventurer,0.6875,2331,3,4,0.2800000000000034
US,Adventurer,0.6875,2352,3,4,0.28000000000000047
US,Adventurer,0.6875,2373,3,4,0.28000000000001385
US,Adventurer,0.6875,2394,3,4,0.2800000000000026
US,Adventurer,0.6875,2415,3,4,0.28000000000000425
US,Adventurer,0.6875,2436,3,4,0.2799999999949704
US,Adventurer,0.6875,2457,3,4,0.2799999999999996
US,Adventurer,0.6875,2478,3,4,0.28000000000000014
US,Innovator,0.8125,252,3,4,0.2800000000000014
US,Innovator,0.8125,273,3,4,0.2800000000000002
US,Innovator,0.8125,294,3,4,0.28000000000000064
US,Innovator,0.8125,315,3,4,0.28
US,Innovator,0.8125,336,3,4,0.2799999999999996
US,Innovator,0.8125,357,3,4,0.27999999999999925
US,Innovator,0.8125,378,3,4,0.2799999999999989
US,Innovator,0.8125,399,3,4,0.27999999999999864
US,Innovator,0.8125,420,3,4,0.2800000000000032
US,Innovator,0.8125,441,3,4,0.2799999999999998
US,Innovator,0.8125,462,3,4,0.2800000000003735
US,Innovator,0.8125,483,3,4,0.28
US,Innovator,0.8125,504,3,4,0.27999999999999997
US,Innovator,0.8125,525,3,4,0.2800000000000215
US,Innovator,0.8125,546,3,4,0.280000000000012
US,Innovator,0.8125,567,3,4,0.28
US,Innovator,0.8125,588,3,4,0.28000000000001446
US,Innovator,0.8125,609,3,4,0.28000000000007386
US,Innovator,0.8125,630,3,4,0.28000000000358743
US,Innovator,0.8125,651,3,4,0.27999999999995745
US,Innovator,0.8125,672,3,4,0.28000000000000314
US,Innovator,0.8125,693,3,4,0.2800000000002358
US,Innovator,0.8125,714,3,4,0.28000000000017256
US,Innovator,0.8125,735,3,4,0.2800000000000003
US,Innovator,0.8125,756,3,4,0.280000000000006
US,Innovator,0.8125,777,3,4,0.2799999999994652
US,Innovator,0.8125,798,3,4,0.27999999999999997
US,Innovator,0.8125,819,3,4,0.28
US,Innovator,0.8125,840,3,4,0.2800000000000051
US,Innovator,0.8125,861,3,4,0.2800000000000031
US,Innovator,0.8125,882,3,4,0.2799999999999996
US,Innovator,0.8125,903,3,4,0.2799999999999967
US,Innovator,0.8125,924,3,4,0.2800000000000003
US,Innovator,0.8125,945,3,4,0.27999999999999875
US,Innovator,0.8125,966,3,4,0.2800000000000099
US,Innovator,0.8125,987,3,4,0.2799999999999994
US,Innovator,0.8125,1008,3,4,0.2800000000000059
US,Innovator,0.8125,1029,3,4,0.2800000000000672
US,Innovator,0.8125,1050,3,4,0.28000000000014935
US,Innovator,0.8125,1071,3,4,0.28000000000000735
US,Innovator,0.8125,1092,3,4,0.2800000000000288
US,Innovator,0.8125,1113,3,4,0.28000000000602204
US,Innovator,0.8125,1134,3,4,0.280000000000253
US,Innovator,0.8125,1155,3,4,0.280000000000107
US,Innovator,0.8125,1176,3,4,0.2800000000000033
US,Innovator,0.8125,1197,3,4,0.28000000000002034
US,Innovator,0.8125,1218,3,4,0.2800000000000388
US,Innovator,0.8125,1239,3,4,0.28000000000000175
US,Innovator,0.8125,1260,3,4,0.2800000000000046
US,Innovator,0.8125,1281,3,4,0.27999999999999386
US,Innovator,0.8125,1302,3,4,0.2800000000000051
US,Innovator,0.8125,1323,3,4,0.280000000000003
US,Innovator,0.8125,1344,3,4,0.2799999999999996
US,Innovator,0.8125,1365,3,4,0.2800000000000006
US,Innovator,0.8125,1386,3,4,0.2799999999999969
US,Innovator,0.8125,1407,3,4,0.28
US,Innovator,0.8125,1428,3,4,0.27999999999999975
US,Innovator,0.8125,1449,3,4,0.27999999999999925
US,Innovator,0.8125,1470,3,4,0.2800000000000016
US,Innovator,0.8125,1491,3,4,0.27999999999999975
US,Innovator,0.8125,1512,3,4,0.27999999999999964
US,Innovator,0.8125,1533,3,4,0.28000000000000036
US,Innovator,0.8125,1554,3,4,0.27999999999999975
US,Innovator,0.8125,1575,3,4,0.28000000000000047
US,Innovator,0.8125,1596,3,4,0.28000000000000025
US,Innovator,0.8125,1617,3,4,0.27999999999999997
US,Innovator,0.8125,1638,3,4,0.28000000000000586
US,Innovator,0.8125,1659,3,4,0.28000000000000136
US,Innovator,0.8125,1680,3,4,0.28000000000000136
US,Innovator,0.8125,1701,3,4,0.2800000000000002
US,Innovator,0.8125,1722,3,4,0.2800000000000036
US,Innovator,0.8125,1743,3,4,0.28
US,Innovator,0.8125,1764,3,4,0.2799999999999996
US,Innovator,0.8125,1785,3,4,0.2800000000000008
US,Innovator,0.8125,1806,3,4,0.28000000000000297
US,Innovator,0.8125,1827,3,4,0.28000000000000136
US,Innovator,0.8125,1848,3,4,0.27999999999999825
US,Innovator,0.8125,1869,3,4,0.2800000000000308
US,Innovator,0.8125,1890,3,4,0.2800000000000037
US,Innovator,0.8125,1911,3,4,0.28000000000269976
US,Innovator,0.8125,1932,3,4,0.28000000000000247
US,Innovator,0.8125,1953,3,4,0.28000000000000014
US,Innovator,0.8125,1974,3,4,0.28000000000000475
US,Innovator,0.8125,1995,3,4,0.28000000000000025
US,Innovator,0.8125,2016,3,4,0.2799999999999996
US,Innovator,0.8125,2037,3,4,0.28
US,Innovator,0.8125,2058,3,4,0.2799999999999997
US,Innovator,0.8125,2079,3,4,0.2800000000000004
US,Innovator,0.8125,2100,3,4,0.2800000000000006
US,Innovator,0.8125,2121,3,4,0.280000000000001
US,Innovator,0.8125,2142,3,4,0.28000000000000114
US,Innovator,0.8125,2163,3,4,0.2800000000000055
US,Innovator,0.8125,2184,3,4,0.2799999999999995
US,Innovator,0.8125,2205,3,4,0.2800000000000261
US,Innovator,0.8125,2226,3,4,0.28000000000000147
US,Innovator,0.8125,2247,3,4,0.28000000000000147
US,Innovator,0.8125,2268,3,4,0.2799999999999997
US,Innovator,0.8125,2289,3,4,0.2799999999999995
US,Innovator,0.8125,2310,3,4,0.2800000000000001
US,Innovator,0.8125,2331,3,4,0.28
US,Innovator,0.8125,2352,3,4,0.28000000000000075
US,Innovator,0.8125,2373,3,4,0.28000000000000064
US,Innovator,0.8125,2394,3,4,0.280000000000001
US,Innovator,0.8125,2415,3,4,0.2799999999999987
US,Innovator,0.8125,2436,3,4,0.28000000000000036
US,Innovator,0.8125,2457,3,4,0.28000000000000064
US,Innovator,0.8125,2478,3,4,0.28000000000000086
US,Visionary,0.9375,252,3,4,0.28
US,Visionary,0.9375,273,3,4,0.2799999999999995
US,Visionary,0.9375,294,3,4,0.27999999999999975
US,Visionary,0.9375,315,3,4,0.2799999999999999
US,Visionary,0.9375,336,3,4,0.2799999999999995
US,Visionary,0.9375,357,3,4,0.28
US,Visionary,0.9375,378,3,4,0.27999999999999986
US,Visionary,0.9375,399,3,4,0.2799999999999998
US,Visionary,0.9375,420,3,4,0.2799999999999999
US,Visionary,0.9375,441,3,4,0.2799999999999997
US,Visionary,0.9375,462,3,4,0.27999999999999964
US,Visionary,0.9375,483,3,4,0.2799999999999999
US,Visionary,0.9375,504,3,4,0.2799999999975047
US,Visionary,0.9375,525,3,4,0.28000000000000397
US,Visionary,0.9375,546,3,4,0.2800000000000946
US,Visionary,0.9375,567,3,4,0.27999999999999997
US,Visionary,0.9375,588,3,4,0.28000000000000175
US,Visionary,0.9375,609,3,4,0.280000000000017
US,Visionary,0.9375,630,3,4,0.27999999999999964
US,Visionary,0.9375,651,3,4,0.2800000000000002
US,Visionary,0.9375,672,3,4,0.27999999999999664
US,Visionary,0.9375,693,3,4,0.28000000000001335
US,Visionary,0.9375,714,3,4,0.2800000000000559
US,Visionary,0.9375,735,3,4,0.2800000000000003
US,Visionary,0.9375,756,3,4,0.27999999999999836
US,Visionary,0.9375,777,3,4,0.27999999999999986
US,Visionary,0.9375,798,3,4,0.2799999999999998
US,Visionary,0.9375,819,3,4,0.27999999999999925
US,Visionary,0.9375,840,3,4,0.2799999999999995
US,Visionary,0.9375,861,3,4,0.27999999999999947
US,Visionary,0.9375,882,3,4,0.2799999999999977
US,Visionary,0.9375,903,3,4,0.27999999999999947
US,Visionary,0.9375,924,3,4,0.27999999999999964
US,Visionary,0.9375,945,3,4,0.2799999999999989
US,Visionary,0.9375,966,3,4,0.2799999999999995
US,Visionary,0.9375,987,3,4,0.2799999999999996
US,Visionary,0.9375,1008,3,4,0.27999999999999986
US,Visionary,0.9375,1029,3,4,0.27999999999999947
US,Visionary,0.9375,1050,3,4,0.27999999999999975
US,Visionary,0.9375,1071,3,4,0.2799999999999978
US,Visionary,0.9375,1092,3,4,0.2799999999999999
US,Visionary,0.9375,1113,3,4,0.2799999999999996
US,Visionary,0.9375,1134,3,4,0.27999999999999925
US,Visionary,0.9375,1155,3,4,0.2799999999999984
US,Visionary,0.9375,1176,3,4,0.28000000000000025
US,Visionary,0.9375,1197,3,4,0.28
US,Visionary,0.9375,1218,3,4,0.2800000000000003
US,Visionary,0.9375,1239,3,4,0.27999999999999986
US,Visionary,0.9375,1260,3,4,0.27999999999999975
US,Visionary,0.9375,1281,3,4,0.2799999999999983
US,Visionary,0.9375,1302,3,4,0.2800000000000026
US,Visionary,0.9375,1323,3,4,0.2800000000000041
US,Visionary,0.9375,1344,3,4,0.28000000000000647
US,Visionary,0.9375,1365,3,4,0.27999999999999975
US,Visionary,0.9375,1386,3,4,0.2799999999999996
US,Visionary,0.9375,1407,3,4,0.27999999999999997
US,Visionary,0.9375,1428,3,4,0.27999999999999947
US,Visionary,0.9375,1449,3,4,0.2799999999999994
US,Visionary,0.9375,1470,3,4,0.27999999999999964
US,Visionary,0.9375,1491,3,4,0.2799999999999815
US,Visionary,0.9375,1512,3,4,0.2800000000000031
US,Visionary,0.9375,1533,3,4,0.2800000000000115
US,Visionary,0.9375,1554,3,4,0.2800000000000014
US,Visionary,0.9375,1575,3,4,0.27999999999999964
US,Visionary,0.9375,1596,3,4,0.2800000000000001
US,Visionary,0.9375,1617,3,4,0.2799999999999997
US,Visionary,0.9375,1638,3,4,0.28000000000000014
US,Visionary,0.9375,1659,3,4,0.27999999999999947
US,Visionary,0.9375,1680,3,4,0.28000000000000014
US,Visionary,0.9375,1701,3,4,0.2799999999999991
US,Visionary,0.9375,1722,3,4,0.2799999999999968
US,Visionary,0.9375,1743,3,4,0.28000000000007036
US,Visionary,0.9375,1764,3,4,0.2799999999999996
US,Visionary,0.9375,1785,3,4,0.2800000000000002
US,Visionary,0.9375,1806,3,4,0.28
US,Visionary,0.9375,1827,3,4,0.27999999999999997
US,Visionary,0.9375,1848,3,4,0.27999999999999975
US,Visionary,0.9375,1869,3,4,0.28000000000000147
US,Visionary,0.9375,1890,3,4,0.28
US,Visionary,0.9375,1911,3,4,0.27999999999999997
US,Visionary,0.9375,1932,3,4,0.28000000000000025
US,Visionary,0.9375,1953,3,4,0.2800000000000011
US,Visionary,0.9375,1974,3,4,0.28000000000000125
US,Visionary,0.9375,1995,3,4,0.2799999999999999
US,Visionary,0.9375,2016,3,4,0.27999999999999964
US,Visionary,0.9375,2037,3,4,0.28
US,Visionary,0.9375,2058,3,4,0.2800000000000002
US,Visionary,0.9375,2079,3,4,0.27999999999999986
US,Visionary,0.9375,2100,3,4,0.2800000000000001
US,Visionary,0.9375,2121,3,4,0.2799999999999999
US,Visionary,0.9375,2142,3,4,0.28000000000000025
US,Visionary,0.9375,2163,3,4,0.28000000000000014
US,Visionary,0.9375,2184,3,4,0.28000000000000014
US,Visionary,0.9375,2205,3,4,0.2799999999999998
US,Visionary,0.9375,2226,3,4,0.2799999999999999
US,Visionary,0.9375,2247,3,4,0.27999999999999986
US,Visionary,0.9375,2268,3,4,0.2799999999999998
US,Visionary,0.9375,2289,3,4,0.27999999999999986
US,Visionary,0.9375,2310,3,4,0.28
US,Visionary,0.9375,2331,3,4,0.27999999999999936
US,Visionary,0.9375,2352,3,4,0.2799999999999999
US,Visionary,0.9375,2373,3,4,0.2799999999999879
US,Visionary,0.9375,2394,3,4,0.279999999999999
US,Visionary,0.9375,2415,3,4,0.27999999999770586
US,Visionary,0.9375,2436,3,4,0.27999999998771463
US,Visionary,0.9375,2457,3,4,0.27999999999128183
US,Visionary,0.9375,2478,3,4,0.27999999999999997
CO,Guardian,0.0625,252,1,6,0.23249053067183964
CO,Guardian,0.0625,273,1,6,0.23110205310829166
CO,Guardian,0.0625,294,1,7,0.22458869115970923
CO,Guardian,0.0625,315,1,9,0.21936987983285056
CO,Guardian,0.0625,336,1,9,0.21402619366554582
CO,Guardian,0.0625,357,1,9,0.19912911820193935
CO,Guardian,0.0625,378,1,9,0.1916607317241481
CO,Guardian,0.0625,399,0,8,0.17193907389910357
CO,Guardian,0.0625,420,0,9,0.1694946684091431
CO,Guardian,0.0625,441,0,8,0.15236267937398637
CO,Guardian,0.0625,462,0,8,0.16245261117840448
CO,Guardian,0.0625,483,1,9,0.20093255757951234
CO,Guardian,0.0625,504,1,9,0.20134556148660226
CO,Guardian,0.0625,525,1,8,0.2053239508923848
CO,Guardian,0.0625,546,1,9,0.17699011506125342
CO,Guardian,0.0625,567,1,10,0.1779280269720874
CO,Guardian,0.0625,588,0,9,0.14458625527981617
CO,Guardian,0.0625,609,0,10,0.1333016370928294
CO,Guardian,0.0625,630,0,10,0.12342274075607863
CO,Guardian,0.0625,651,0,10,0.15390042902027656
CO,Guardian,0.0625,672,0,12,0.15531909467367494
CO,Guardian,0.0625,693,0,12,0.14423707048035386
CO,Guardian,0.0625,714,0,9,0.1873379151085423
CO,Guardian,0.0625,735,0,10,0.17200852488099602
CO,Guardian,0.0625,756,1,9,0.18895947354696413
CO,Guardian,0.0625,777,1,10,0.1865525808172957
CO,Guardian,0.0625,798,1,10,0.19556380806634238
CO,Guardian,0.0625,819,1,10,0.19011420194370926
CO,Guardian,0.0625,840,1,9,0.18440259000025927
CO,Guardian,0.0625,861,1,10,0.1973946565741023
CO,Guardian,0.0625,882,1,10,0.20949419469177424
CO,Guardian,0.0625,903,1,10,0.19653162893776566
CO,Guardian,0.0625,924,1,10,0.19777287990244868
CO,Guardian,0.0625,945,1,9,0.19881603418319888
CO,Guardian,0.0625,966,0,8,0.18485033483026178
CO,Guardian,0.0625,987,0,10,0.183893669378427
CO,Guardian,0.0625,1008,0,10,0.1805914423279918
CO,Guardian,0.0625,1029,1,11,0.16996752371513685
CO,Guardian,0.0625,1050,1,10,0.17176280994500434
CO,Guardian,0.0625,1071,1,10,0.16446892598796176
CO,Guardian,0.0625,1092,1,10,0.1623594448814999
CO,Guardian,0.0625,1113,0,12,0.1296618423157708
CO,Guardian,0.0625,1134,1,13,0.1429969202116831
CO,Guardian,0.0625,1155,0,9,0.1332298717317091
CO,Guardian,0.0625,1176,1,7,0.20423464310414063
CO,Guardian,0.0625,1197,1,7,0.23926861119258658
CO,Guardian,0.0625,1218,1,7,0.24075028931194764
CO,Guardian,0.0625,1239,1,6,0.24159532474809234
CO,Guardian,0.0625,1260,2,8,0.24036409581898996
CO,Guardian,0.0625,1281,2,8,0.23964716640341974
CO,Guardian,0.0625,1302,2,7,0.24851952489374357
CO,Guardian,0.0625,1323,1,7,0.20773909287337322
CO,Guardian,0.0625,1344,2,7,0.21608412305179772
CO,Guardian,0.0625,1365,0,7,0.20610870666464268
CO,Guardian,0.0625,1386,0,7,0.20895247883164914
CO,Guardian,0.0625,1407,0,9,0.18514971837765515
CO,Guardian,0.0625,1428,0,9,0.12647675798578234
CO,Guardian,0.0625,1449,0,10,0.13760342363979783
CO,Guardian,0.0625,1470,0,11,0.13919741277906145
CO,Guardian,0.0625,1491,0,11,0.1403333584970741
CO,Guardian,0.0625,1512,0,12,0.12855171706986038
CO,Guardian,0.0625,1533,0,11,0.14156832136150233
CO,Guardian,0.0625,1554,0,10,0.14947232298007151
CO,Guardian,0.0625,1575,0,11,0.1508180938371672
CO,Guardian,0.0625,1596,0,12,0.14796386970377712
CO,Guardian,0.0625,1617,0,10,0.15086361072282556
CO,Guardian,0.0625,1638,0,12,0.14110837004884336
CO,Guardian,0.0625,1659,0,11,0.14324296078711785
CO,Guardian,0.0625,1680,0,12,0.12105957473059531
CO,Guardian,0.0625,1701,0,10,0.12300663301029956
CO,Guardian,0.0625,1722,0,11,0.1264510326104828
CO,Guardian,0.0625,1743,0,11,0.13791197365399596
CO,Guardian,0.0625,1764,0,10,0.13998784129222244
CO,Guardian,0.0625,1785,0,11,0.1382141925168101
CO,Guardian,0.0625,1806,0,12,0.15334349836105707
CO,Guardian,0.0625,1827,0,12,0.1421738490112075
CO,Guardian,0.0625,1848,0,12,0.13613089200640413
CO,Guardian,0.0625,1869,0,12,0.13929248712778294
CO,Guardian,0.0625,1890,0,12,0.142904058930682
CO,Guardian,0.0625,1911,0,12,0.13505866797577332
CO,Guardian,0.0625,1932,0,14,0.1376615908685103
CO,Guardian,0.0625,1953,0,14,0.10780430624364447
CO,Guardian,0.0625,1974,0,17,0.0987088363886955
CO,Guardian,0.0625,1995,0,16,0.10645612936245641
CO,Guardian,0.0625,2016,0,17,0.09296821177137449
CO,Guardian,0.0625,2037,0,15,0.10473187233837047
CO,Guardian,0.0625,2058,0,15,0.10789652927072797
CO,Guardian,0.0625,2079,0,14,0.10943233822626115
CO,Guardian,0.0625,2100,0,14,0.1094132144991952
CO,Guardian,0.0625,2121,0,15,0.08682561073912057
CO,Guardian,0.0625,2142,0,15,0.10241797507895527
CO,Guardian,0.0625,2163,0,14,0.12360722249727145
CO,Guardian,0.0625,2184,0,13,0.12364181451389454
CO,Guardian,0.0625,2205,0,15,0.1152941502782163
CO,Guardian,0.0625,2226,0,14,0.11796458166150948
CO,Guardian,0.0625,2247,0,14,0.10256037733978714
CO,Guardian,0.0625,2268,0,14,0.10007197785642298
CO,Sentinel,0.1875,252,1,7,0.21896936408518783
CO,Sentinel,0.1875,273,1,9,0.22401143189987133
CO,Sentinel,0.1875,294,1,9,0.21154377395853075
CO,Sentinel,0.1875,315,1,9,0.2149937323011115
CO,Sentinel,0.1875,336,1,10,0.21299590605564583
CO,Sentinel,0.1875,357,0,8,0.20941056603568775
CO,Sentinel,0.1875,378,0,7,0.19030418618126724
CO,Sentinel,0.1875,399,0,8,0.17092546800788017
CO,Sentinel,0.1875,420,0,8,0.16513447018659677
CO,Sentinel,0.1875,441,0,8,0.1489335364170784
CO,Sentinel,0.1875,462,0,10,0.13762018357888806
CO,Sentinel,0.1875,483,0,11,0.13738880449985025
CO,Sentinel,0.1875,504,0,10,0.1365390825654397
CO,Sentinel,0.1875,525,0,10,0.1320968626340334
CO,Sentinel,0.1875,546,0,11,0.12789220109691882
CO,Sentinel,0.1875,567,0,10,0.13085833844817363
CO,Sentinel,0.1875,588,0,11,0.12209443282003508
CO,Sentinel,0.1875,609,0,12,0.11842582023591795
CO,Sentinel,0.1875,630,0,13,0.11833368496938386
CO,Sentinel,0.1875,651,0,12,0.14468246701301654
CO,Sentinel,0.1875,672,0,12,0.14586337186448342
CO,Sentinel,0.1875,693,0,12,0.13452366351401088
CO,Sentinel,0.1875,714,0,10,0.16944123734950398
CO,Sentinel,0.1875,735,0,11,0.16302018970783066
CO,Sentinel,0.1875,756,0,9,0.18323923255475214
CO,Sentinel,0.1875,777,1,9,0.18368400823972333
CO,Sentinel,0.1875,798,1,11,0.16917342767346613
CO,Sentinel,0.1875,819,1,12,0.16783916041633762
CO,Sentinel,0.1875,840,1,10,0.17749850168090214
CO,Sentinel,0.1875,861,1,11,0.18606066777332997
CO,Sentinel,0.1875,882,1,11,0.17724036431378604
CO,Sentinel,0.1875,903,1,12,0.17716812186744071
CO,Sentinel,0.1875,924,1,11,0.18205770910429261
CO,Sentinel,0.1875,945,1,10,0.18795785573003143
CO,Sentinel,0.1875,966,1,12,0.17596723926342428
CO,Sentinel,0.1875,987,1,12,0.1715506552682525
CO,Sentinel,0.1875,1008,1,13,0.16758971760394828
CO,Sentinel,0.1875,1029,0,12,0.15776740214126722
CO,Sentinel,0.1875,1050,1,13,0.15998430819950146
CO,Sentinel,0.1875,1071,0,11,0.15382049578809698
CO,Sentinel,0.1875,1092,0,12,0.14211133356823977
CO,Sentinel,0.1875,1113,0,13,0.1285789950982127
CO,Sentinel,0.1875,1134,1,12,0.14644912398667342
CO,Sentinel,0.1875,1155,0,10,0.1469156913401852
CO,Sentinel,0.1875,1176,0,8,0.1859425113305065
CO,Sentinel,0.1875,1197,1,9,0.1972096601980583
CO,Sentinel,0.1875,1218,0,9,0.18439540779924435
CO,Sentinel,0.1875,1239,0,9,0.1810008269186093
CO,Sentinel,0.1875,1260,0,8,0.18789797276560077
CO,Sentinel,0.1875,1281,0,9,0.16824777174154995
CO,Sentinel,0.1875,1302,0,9,0.17938519631716127
CO,Sentinel,0.1875,1323,0,10,0.1604273285758267
CO,Sentinel,0.1875,1344,0,9,0.15320113428661586
CO,Sentinel,0.1875,1365,0,10,0.13395892857452898
CO,Sentinel,0.1875,1386,0,10,0.1324380734495758
CO,Sentinel,0.1875,1407,0,10,0.12178566881929984
CO,Sentinel,0.1875,1428,0,10,0.12507868337608977
CO,Sentinel,0.1875,1449,0,9,0.13531117947709015
CO,Sentinel,0.1875,1470,0,11,0.13391184845358634
CO,Sentinel,0.1875,1491,0,11,0.12831281110447593
CO,Sentinel,0.1875,1512,0,11,0.12460954012483212
CO,Sentinel,0.1875,1533,0,11,0.12343163915533838
CO,Sentinel,0.1875,1554,0,11,0.13277614677818203
CO,Sentinel,0.1875,1575,0,12,0.13304690558839474
CO,Sentinel,0.1875,1596,0,15,0.13340423709492538
CO,Sentinel,0.1875,1617,0,15,0.12274713662765652
CO,Sentinel,0.1875,1638,0,15,0.11296312146923813
CO,Sentinel,0.1875,1659,0,13,0.12901555678096394
CO,Sentinel,0.1875,1680,0,14,0.10465814356177873
CO,Sentinel,0.1875,1701,0,12,0.11366900392029902
CO,Sentinel,0.1875,1722,0,11,0.11093972567683831
CO,Sentinel,0.1875,1743,0,11,0.12097445565469452
CO,Sentinel,0.1875,1764,0,12,0.11494615541774403
CO,Sentinel,0.1875,1785,0,12,0.11704236119851653
CO,Sentinel,0.1875,1806,0,12,0.1264213283951222
CO,Sentinel,0.1875,1827,0,13,0.12057209491895128
CO,Sentinel,0.1875,1848,0,13,0.11079259856149767
CO,Sentinel,0.1875,1869,0,13,0.11466893739754103
CO,Sentinel,0.1875,1890,0,13,0.12121372280265685
CO,Sentinel,0.1875,1911,0,13,0.11508061648082046
CO,Sentinel,0.1875,1932,0,16,0.11647725591595927
CO,Sentinel,0.1875,1953,0,16,0.10586813471843504
CO,Sentinel,0.1875,1974,0,16,0.10071053489339296
CO,Sentinel,0.1875,1995,0,17,0.09162179993684591
CO,Sentinel,0.1875,2016,0,17,0.086422326763523
CO,Sentinel,0.1875,2037,0,17,0.09002065883846636
CO,Sentinel,0.1875,2058,0,15,0.09466374496908078
CO,Sentinel,0.1875,2079,0,16,0.09463985038927177
CO,Sentinel,0.1875,2100,0,15,0.09030332979447112
CO,Sentinel,0.1875,2121,0,17,0.08533864378802467
CO,Sentinel,0.1875,2142,0,15,0.10087094065554558
CO,Sentinel,0.1875,2163,0,13,0.10862770772493592
CO,Sentinel,0.1875,2184,0,14,0.1055343577042421
CO,Sentinel,0.1875,2205,0,13,0.10698820772922202
CO,Sentinel,0.1875,2226,0,12,0.10029093584578123
CO,Sentinel,0.1875,2247,0,14,0.09949648898746946
CO,Sentinel,0.1875,2268,0,13,0.11156919380567717
CO,Pragmatist,0.3125,252,1,8,0.2200066877193465
CO,Pragmatist,0.3125,273,1,8,0.21761519626702136
CO,Pragmatist,0.3125,294,1,11,0.19850170413582308
CO,Pragmatist,0.3125,315,1,9,0.20802936414853043
CO,Pragmatist,0.3125,336,1,10,0.1983560261925476
CO,Pragmatist,0.3125,357,0,8,0.19769052680633453
CO,Pragmatist,0.3125,378,0,8,0.18286735931565315
CO,Pragmatist,0.3125,399,0,8,0.16930946626210097
CO,Pragmatist,0.3125,420,0,8,0.16610298168343007
CO,Pragmatist,0.3125,441,0,9,0.14852673817524067
CO,Pragmatist,0.3125,462,0,10,0.134367975699138
CO,Pragmatist,0.3125,483,0,11,0.133676868015797
CO,Pragmatist,0.3125,504,0,10,0.13081173404403387
CO,Pragmatist,0.3125,525,0,10,0.12479502326926403
CO,Pragmatist,0.3125,546,0,11,0.12418211478778114
CO,Pragmatist,0.3125,567,0,10,0.12580689897467043
CO,Pragmatist,0.3125,588,0,11,0.1258356048754731
CO,Pragmatist,0.3125,609,0,12,0.12375772724445441
CO,Pragmatist,0.3125,630,0,13,0.12358072434652213
CO,Pragmatist,0.3125,651,0,10,0.1502988801475568
CO,Pragmatist,0.3125,672,0,14,0.1480476862201452
CO,Pragmatist,0.3125,693,0,11,0.1352321226110498
CO,Pragmatist,0.3125,714,0,9,0.15946653170614972
CO,Pragmatist,0.3125,735,0,9,0.15118465354968597
CO,Pragmatist,0.3125,756,0,9,0.17362737566791112
CO,Pragmatist,0.3125,777,1,9,0.17576764536965594
CO,Pragmatist,0.3125,798,1,11,0.1774948106615605
CO,Pragmatist,0.3125,819,1,10,0.17460498516865128
CO,Pragmatist,0.3125,840,1,9,0.18303706899378833
CO,Pragmatist,0.3125,861,1,11,0.1910103542835835
CO,Pragmatist,0.3125,882,1,10,0.18353487189362322
CO,Pragmatist,0.3125,903,1,10,0.1751785814888912
CO,Pragmatist,0.3125,924,1,10,0.18110120041748026
CO,Pragmatist,0.3125,945,1,9,0.18383436821521876
CO,Pragmatist,0.3125,966,1,10,0.17555383448981152
CO,Pragmatist,0.3125,987,1,12,0.1653666619832622
CO,Pragmatist,0.3125,1008,1,13,0.16239754385799837
CO,Pragmatist,0.3125,1029,0,12,0.15454903852410273
CO,Pragmatist,0.3125,1050,0,12,0.15176569919796795
CO,Pragmatist,0.3125,1071,0,11,0.14322206851958816
CO,Pragmatist,0.3125,1092,0,12,0.12986178742635102
CO,Pragmatist,0.3125,1113,0,13,0.1312246250457785
CO,Pragmatist,0.3125,1134,1,11,0.15148419061701057
CO,Pragmatist,0.3125,1155,0,9,0.16264438228193442
CO,Pragmatist,0.3125,1176,0,8,0.16992158327673113
CO,Pragmatist,0.3125,1197,0,9,0.1869921385396916
CO,Pragmatist,0.3125,1218,0,9,0.1644455301499605
CO,Pragmatist,0.3125,1239,0,9,0.16088529272804308
CO,Pragmatist,0.3125,1260,0,9,0.16209310242821004
CO,Pragmatist,0.3125,1281,0,9,0.14262545931332085
CO,Pragmatist,0.3125,1302,0,9,0.15471371845272613
CO,Pragmatist,0.3125,1323,0,10,0.14420299636422967
CO,Pragmatist,0.3125,1344,0,9,0.1385683415629259
CO,Pragmatist,0.3125,1365,0,9,0.13149348415520112
CO,Pragmatist,0.3125,1386,0,10,0.13159785074895056
CO,Pragmatist,0.3125,1407,0,10,0.12164828890293555
CO,Pragmatist,0.3125,1428,0,10,0.13348206242708532
CO,Pragmatist,0.3125,1449,0,10,0.14192789715978335
CO,Pragmatist,0.3125,1470,0,12,0.13103785949741442
CO,Pragmatist,0.3125,1491,0,11,0.12484964536186206
CO,Pragmatist,0.3125,1512,0,11,0.12119811287316404
CO,Pragmatist,0.3125,1533,0,10,0.11935401946677075
CO,Pragmatist,0.3125,1554,0,12,0.12757692997902137
CO,Pragmatist,0.3125,1575,0,13,0.11978736799553043
CO,Pragmatist,0.3125,1596,0,14,0.12080744675762967
CO,Pragmatist,0.3125,1617,0,14,0.10399725394075313
CO,Pragmatist,0.3125,1638,0,15,0.09888017314087622
CO,Pragmatist,0.3125,1659,0,13,0.11902272707490229
CO,Pragmatist,0.3125,1680,0,14,0.09846523445109923
CO,Pragmatist,0.3125,1701,0,14,0.10818418702096642
CO,Pragmatist,0.3125,1722,0,11,0.11030475160691815
CO,Pragmatist,0.3125,1743,0,12,0.12211787178867228
CO,Pragmatist,0.3125,1764,0,12,0.12467647610078367
CO,Pragmatist,0.3125,1785,0,13,0.127786333578238
CO,Pragmatist,0.3125,1806,0,13,0.1221826945431923
CO,Pragmatist,0.3125,1827,0,13,0.11648252053783634
CO,Pragmatist,0.3125,1848,0,13,0.11041754887346104
CO,Pragmatist,0.3125,1869,0,13,0.11547566828818613
CO,Pragmatist,0.3125,1890,0,13,0.11587625912894627
CO,Pragmatist,0.3125,1911,0,12,0.11230565485508798
CO,Pragmatist,0.3125,1932,0,15,0.11735581889139933
CO,Pragmatist,0.3125,1953,0,16,0.10315665537584157
CO,Pragmatist,0.3125,1974,0,16,0.106340673039551
CO,Pragmatist,0.3125,1995,0,16,0.09210981395039299
CO,Pragmatist,0.3125,2016,0,17,0.08248400188860239
CO,Pragmatist,0.3125,2037,0,17,0.08511580523835371
CO,Pragmatist,0.3125,2058,0,17,0.09189832613875143
CO,Pragmatist,0.3125,2079,0,16,0.09085215418932562
CO,Pragmatist,0.3125,2100,0,15,0.08704604577538223
CO,Pragmatist,0.3125,2121,0,15,0.09342108991005775
CO,Pragmatist,0.3125,2142,0,14,0.09891440166964169
CO,Pragmatist,0.3125,2163,0,14,0.10856468082779588
CO,Pragmatist,0.3125,2184,0,13,0.1023237384956779
CO,Pragmatist,0.3125,2205,0,12,0.10742995174367678
CO,Pragmatist,0.3125,2226,0,12,0.09471002476109602
CO,Pragmatist,0.3125,2247,0,13,0.11002105405165909
CO,Pragmatist,0.3125,2268,0,12,0.11640121986663157
CO,Analyst,0.4375,252,2,8,0.24732115740031338
CO,Analyst,0.4375,273,1,9,0.20948237496749064
CO,Analyst,0.4375,294,1,8,0.18639645492522944
CO,Analyst,0.4375,315,1,8,0.2017658268836896
CO,Analyst,0.4375,336,1,9,0.19748396827796855
CO,Analyst,0.4375,357,2,7,0.22582362798295175
CO,Analyst,0.4375,378,1,7,0.19460870395077204
CO,Analyst,0.4375,399,0,8,0.19125955806265726
CO,Analyst,0.4375,420,1,7,0.2143753003123578
CO,Analyst,0.4375,441,1,9,0.18377543926339884
CO,Analyst,0.4375,462,1,8,0.22036578699609785
CO,Analyst,0.4375,483,1,9,0.21245034042381386
CO,Analyst,0.4375,504,1,10,0.17151312803959068
CO,Analyst,0.4375,525,1,9,0.1807708478931537
CO,Analyst,0.4375,546,1,11,0.17344587692363092
CO,Analyst,0.4375,567,1,8,0.1840987141439242
CO,Analyst,0.4375,588,1,7,0.18473743145205038
CO,Analyst,0.4375,609,1,6,0.21334349531165805
CO,Analyst,0.4375,630,1,8,0.19504508462771236
CO,Analyst,0.4375,651,0,7,0.20240305250060794
CO,Analyst,0.4375,672,0,7,0.18790221417701136
CO,Analyst,0.4375,693,0,6,0.217617972179746
CO,Analyst,0.4375,714,0,6,0.17483380814858324
CO,Analyst,0.4375,735,0,7,0.1471446357801221
CO,Analyst,0.4375,756,0,7,0.16611405418870445
CO,Analyst,0.4375,777,0,8,0.1703363621588107
CO,Analyst,0.4375,798,1,6,0.20782138680731904
CO,Analyst,0.4375,819,1,6,0.22607222283901984
CO,Analyst,0.4375,840,2,6,0.2400385642569036
CO,Analyst,0.4375,861,1,7,0.21235935850288742
CO,Analyst,0.4375,882,1,6,0.2080957761920686
CO,Analyst,0.4375,903,0,7,0.19520989530069316
CO,Analyst,0.4375,924,0,6,0.20839212484856695
CO,Analyst,0.4375,945,1,7,0.2016288183888924
CO,Analyst,0.4375,966,1,9,0.1917014234622395
CO,Analyst,0.4375,987,1,9,0.17804043630759242
CO,Analyst,0.4375,1008,1,9,0.18730063181085546
CO,Analyst,0.4375,1029,1,10,0.16481851895614277
CO,Analyst,0.4375,1050,1,9,0.16292935361205663
CO,Analyst,0.4375,1071,0,9,0.1681758636667342
CO,Analyst,0.4375,1092,0,10,0.12039479311029323
CO,Analyst,0.4375,1113,0,8,0.17929642328875667
CO,Analyst,0.4375,1134,1,6,0.21063918986818805
CO,Analyst,0.4375,1155,2,5,0.24203959709022976
CO,Analyst,0.4375,1176,0,8,0.21867127132130343
CO,Analyst,0.4375,1197,2,8,0.2108729274527533
CO,Analyst,0.4375,1218,1,7,0.21223299582204652
CO,Analyst,0.4375,1239,1,8,0.20372409015998422
CO,Analyst,0.4375,1260,0,9,0.17754701837988512
CO,Analyst,0.4375,1281,0,8,0.16151485391812997
CO,Analyst,0.4375,1302,0,8,0.1629752846166248
CO,Analyst,0.4375,1323,0,7,0.17511623604620988
CO,Analyst,0.4375,1344,0,6,0.16720701332487056
CO,Analyst,0.4375,1365,0,8,0.15621821357316845
CO,Analyst,0.4375,1386,0,8,0.16508039745547878
CO,Analyst,0.4375,1407,0,10,0.13961773986121623
CO,Analyst,0.4375,1428,1,10,0.17312497292893586
CO,Analyst,0.4375,1449,1,8,0.20957142875691984
CO,Analyst,0.4375,1470,0,12,0.17897435063217243
CO,Analyst,0.4375,1491,0,12,0.16080060775987598
CO,Analyst,0.4375,1512,0,10,0.1520365599289039
CO,Analyst,0.4375,1533,0,9,0.16805026294817904
CO,Analyst,0.4375,1554,0,9,0.1652084786312574
CO,Analyst,0.4375,1575,0,11,0.12030095921811412
CO,Analyst,0.4375,1596,0,12,0.1181563427249289
CO,Analyst,0.4375,1617,0,10,0.17966492692624894
CO,Analyst,0.4375,1638,0,7,0.2072977537148012
CO,Analyst,0.4375,1659,0,7,0.20152811927495476
CO,Analyst,0.4375,1680,0,6,0.21846596330356496
CO,Analyst,0.4375,1701,0,9,0.1748514963367034
CO,Analyst,0.4375,1722,0,9,0.16897166799775595
CO,Analyst,0.4375,1743,2,7,0.24394118699817371
CO,Analyst,0.4375,1764,2,7,0.22879606376833037
CO,Analyst,0.4375,1785,1,6,0.23741349311127594
CO,Analyst,0.4375,1806,0,8,0.22030595669815942
CO,Analyst,0.4375,1827,0,9,0.17404825926663126
CO,Analyst,0.4375,1848,0,7,0.18820721338318508
CO,Analyst,0.4375,1869,0,7,0.17513671169976547
CO,Analyst,0.4375,1890,0,10,0.14196816976025867
CO,Analyst,0.4375,1911,0,10,0.14022218826574398
CO,Analyst,0.4375,1932,0,13,0.14792379865622546
CO,Analyst,0.4375,1953,0,11,0.13349440028894397
CO,Analyst,0.4375,1974,0,11,0.1494423064835818
CO,Analyst,0.4375,1995,0,12,0.11049273240508069
CO,Analyst,0.4375,2016,0,11,0.11841150357458033
CO,Analyst,0.4375,2037,0,11,0.12504634063423564
CO,Analyst,0.4375,2058,0,12,0.1231739408609047
CO,Analyst,0.4375,2079,0,11,0.13526270756740405
CO,Analyst,0.4375,2100,0,7,0.19631181052207197
CO,Analyst,0.4375,2121,1,7,0.18601631910335387
CO,Analyst,0.4375,2142,0,9,0.15873824233598385
CO,Analyst,0.4375,2163,0,10,0.15426575844761048
CO,Analyst,0.4375,2184,0,10,0.1341988061672689
CO,Analyst,0.4375,2205,0,8,0.17455922264047866
CO,Analyst,0.4375,2226,0,8,0.15945813130276879
CO,Analyst,0.4375,2247,0,7,0.15950329831013427
CO,Analyst,0.4375,2268,0,8,0.17309691363466762
CO,Strategist,0.5625,252,3,4,0.2800000000000408
CO,Strategist,0.5625,273,3,4,0.2800000000000001
CO,Strategist,0.5625,294,3,4,0.28
CO,Strategist,0.5625,315,3,4,0.27999999999999925
CO,Strategist,0.5625,336,3,4,0.2800000000000266
CO,Strategist,0.5625,357,3,4,0.28000000000000225
CO,Strategist,0.5625,378,3,4,0.28000000000005976
CO,Strategist,0.5625,399,3,4,0.27999999999999986
CO,Strategist,0.5625,420,3,4,0.2799999999999993
CO,Strategist,0.5625,441,3,4,0.28000000000000513
CO,Strategist,0.5625,462,3,4,0.2800000000000023
CO,Strategist,0.5625,483,3,4,0.2799999999924979
CO,Strategist,0.5625,504,3,4,0.27999999999998926
CO,Strategist,0.5625,525,3,4,0.27999999999999997
CO,Strategist,0.5625,546,3,4,0.28000000000000447
CO,Strategist,0.5625,567,3,4,0.2799999999999998
CO,Strategist,0.5625,588,3,4,0.27999999984216584
CO,Strategist,0.5625,609,3,4,0.2800000000000655
CO,Strategist,0.5625,630,3,4,0.27999999999999997
CO,Strategist,0.5625,651,3,4,0.28000000000389247
CO,Strategist,0.5625,672,3,4,0.2800000000004013
CO,Strategist,0.5625,693,3,4,0.28000000000085434
CO,Strategist,0.5625,714,3,4,0.2800000000000271
CO,Strategist,0.5625,735,3,4,0.28000000000049424
CO,Strategist,0.5625,756,3,4,0.2800000000000024
CO,Strategist,0.5625,777,3,4,0.2800000000000278
CO,Strategist,0.5625,798,3,4,0.28000000000000314
CO,Strategist,0.5625,819,3,4,0.28000000000001046
CO,Strategist,0.5625,840,3,4,0.2800000000000199
CO,Strategist,0.5625,861,3,4,0.28000000000011394
CO,Strategist,0.5625,882,3,4,0.2799999999999995
CO,Strategist,0.5625,903,3,4,0.2800000000000037
CO,Strategist,0.5625,924,3,4,0.27999999999999825
CO,Strategist,0.5625,945,3,4,0.28
CO,Strategist,0.5625,966,3,4,0.28000000000123826
CO,Strategist,0.5625,987,3,4,0.28000000000000175
CO,Strategist,0.5625,1008,3,4,0.2799999999999986
CO,Strategist,0.5625,1029,3,4,0.2800000000000002
CO,Strategist,0.5625,1050,3,4,0.28000000000001685
CO,Strategist,0.5625,1071,3,4,0.28
CO,Strategist,0.5625,1092,3,4,0.2799999999999987
CO,Strategist,0.5625,1113,3,4,0.2799999999999977
CO,Strategist,0.5625,1134,3,4,0.2800000000000007
CO,Strategist,0.5625,1155,3,4,0.28000000000000075
CO,Strategist,0.5625,1176,3,4,0.2800000000000012
CO,Strategist,0.5625,1197,3,4,0.27999999999999997
CO,Strategist,0.5625,1218,3,4,0.28000000000000397
CO,Strategist,0.5625,1239,3,4,0.28000000000000014
CO,Strategist,0.5625,1260,3,4,0.2800000000002799
CO,Strategist,0.5625,1281,3,4,0.2800000000003383
CO,Strategist,0.5625,1302,3,4,0.2800000000000755
CO,Strategist,0.5625,1323,3,4,0.28000000000162817
CO,Strategist,0.5625,1344,3,4,0.2799999999999996
CO,Strategist,0.5625,1365,3,4,0.28000000000004444
CO,Strategist,0.5625,1386,3,4,0.28000000000000047
CO,Strategist,0.5625,1407,3,4,0.2799999999999998
CO,Strategist,0.5625,1428,3,4,0.2800000000310165
CO,Strategist,0.5625,1449,3,4,0.2800000000000923
CO,Strategist,0.5625,1470,3,4,0.2800000000003009
CO,Strategist,0.5625,1491,3,4,0.28000000000000563
CO,Strategist,0.5625,1512,3,4,0.28000000000000413
CO,Strategist,0.5625,1533,3,4,0.2800000000000019
CO,Strategist,0.5625,1554,3,4,0.27999999999999925
CO,Strategist,0.5625,1575,3,4,0.28000000000000214
CO,Strategist,0.5625,1596,3,4,0.2800000000000025
CO,Strategist,0.5625,1617,3,4,0.2800000000000052
CO,Strategist,0.5625,1638,3,4,0.28000000000000924
CO,Strategist,0.5625,1659,3,4,0.28000000000561154
CO,Strategist,0.5625,1680,3,4,0.2800000000041955
CO,Strategist,0.5625,1701,3,4,0.28000000001090514
CO,Strategist,0.5625,1722,3,4,0.2800000000045283
CO,Strategist,0.5625,1743,3,4,0.28000000000155684
CO,Strategist,0.5625,1764,3,4,0.2800000000246382
CO,Strategist,0.5625,1785,3,4,0.2799999999999335
CO,Strategist,0.5625,1806,3,4,0.27999999999999997
CO,Strategist,0.5625,1827,3,4,0.2800000000000187
CO,Strategist,0.5625,1848,3,4,0.28000000000024416
CO,Strategist,0.5625,1869,3,4,0.28000000000001357
CO,Strategist,0.5625,1890,3,4,0.28
CO,Strategist,0.5625,1911,3,4,0.28
CO,Strategist,0.5625,1932,3,4,0.27999999999999464
CO,Strategist,0.5625,1953,3,4,0.28
CO,Strategist,0.5625,1974,3,4,0.2800000000000017
CO,Strategist,0.5625,1995,3,4,0.2800000000000151
CO,Strategist,0.5625,2016,3,4,0.2799999999999988
CO,Strategist,0.5625,2037,3,4,0.2800000000000003
CO,Strategist,0.5625,2058,3,4,0.2800000000000001
CO,Strategist,0.5625,2079,3,4,0.28000000000000674
CO,Strategist,0.5625,2100,3,4,0.2800000000000168
CO,Strategist,0.5625,2121,3,4,0.28000000000178843
CO,Strategist,0.5625,2142,3,4,0.28000000000032926
CO,Strategist,0.5625,2163,3,4,0.28000000000001357
CO,Strategist,0.5625,2184,3,4,0.2800000000000006
CO,Strategist,0.5625,2205,3,4,0.28000000000000175
CO,Strategist,0.5625,2226,3,4,0.2799999999999999
CO,Strategist,0.5625,2247,3,4,0.2800000000000006
CO,Strategist,0.5625,2268,3,4,0.2800000000000044
CO,Adventurer,0.6875,252,3,4,0.28000000000012754
CO,Adventurer,0.6875,273,3,4,0.28000000000001746
CO,Adventurer,0.6875,294,3,4,0.28000000000004316
CO,Adventurer,0.6875,315,3,4,0.2800000000000611
CO,Adventurer,0.6875,336,3,4,0.28000000000000047
CO,Adventurer,0.6875,357,3,4,0.27999999999999836
CO,Adventurer,0.6875,378,3,4,0.28000000000648706
CO,Adventurer,0.6875,399,3,4,0.2799999999999999
CO,Adventurer,0.6875,420,3,4,0.28000000000011405
CO,Adventurer,0.6875,441,3,4,0.28000000000000647
CO,Adventurer,0.6875,462,3,4,0.2799999999981777
CO,Adventurer,0.6875,483,3,4,0.28000000000000735
CO,Adventurer,0.6875,504,3,4,0.280000000000001
CO,Adventurer,0.6875,525,3,4,0.28
CO,Adventurer,0.6875,546,3,4,0.28
CO,Adventurer,0.6875,567,3,4,0.2799999999999879
CO,Adventurer,0.6875,588,3,4,0.28000000000020187
CO,Adventurer,0.6875,609,3,4,0.28
CO,Adventurer,0.6875,630,3,4,0.2799999999999996
CO,Adventurer,0.6875,651,3,4,0.2799999999999999
CO,Adventurer,0.6875,672,3,4,0.27999999999999997
CO,Adventurer,0.6875,693,3,4,0.2799999999581021
CO,Adventurer,0.6875,714,3,4,0.28000000000000447
CO,Adventurer,0.6875,735,3,4,0.2800000000000008
CO,Adventurer,0.6875,756,3,4,0.27999999999999503
CO,Adventurer,0.6875,777,3,4,0.2800000000014994
CO,Adventurer,0.6875,798,3,4,0.28000000000008096
CO,Adventurer,0.6875,819,3,4,0.280000000000004
CO,Adventurer,0.6875,840,3,4,0.28000000000000047
CO,Adventurer,0.6875,861,3,4,0.2800000000090067
CO,Adventurer,0.6875,882,3,4,0.2800000000003851
CO,Adventurer,0.6875,903,3,4,0.27999999999569963
CO,Adventurer,0.6875,924,3,4,0.2799999999999999
CO,Adventurer,0.6875,945,3,4,0.27999999999999403
CO,Adventurer,0.6875,966,3,4,0.27999999999998304
CO,Adventurer,0.6875,987,3,4,0.2800000000000098
CO,Adventurer,0.6875,1008,3,4,0.2800000000000078
CO,Adventurer,0.6875,1029,3,4,0.2799999999999999
CO,Adventurer,0.6875,1050,3,4,0.2800000000000006
CO,Adventurer,0.6875,1071,3,4,0.2800000000029134
CO,Adventurer,0.6875,1092,3,4,0.280000000000217
CO,Adventurer,0.6875,1113,3,4,0.28000000000000347
CO,Adventurer,0.6875,1134,3,4,0.28000000000004865
CO,Adventurer,0.6875,1155,3,4,0.28000000000000164
CO,Adventurer,0.6875,1176,3,4,0.28000000000001823
CO,Adventurer,0.6875,1197,3,4,0.28000000002351416
CO,Adventurer,0.6875,1218,3,4,0.2800000000002856
CO,Adventurer,0.6875,1239,3,4,0.2800000000002686
CO,Adventurer,0.6875,1260,3,4,0.28000000000001357
CO,Adventurer,0.6875,1281,3,4,0.2800000000000108
CO,Adventurer,0.6875,1302,3,4,0.27999999999999986
CO,Adventurer,0.6875,1323,3,4,0.2800000000000049
CO,Adventurer,0.6875,1344,3,4,0.2800000000000039
CO,Adventurer,0.6875,1365,3,4,0.2800000000000206
CO,Adventurer,0.6875,1386,3,4,0.2800000000000202
CO,Adventurer,0.6875,1407,3,4,0.28000000000000624
CO,Adventurer,0.6875,1428,3,4,0.28000000000012304
CO,Adventurer,0.6875,1449,3,4,0.2800000000000004
CO,Adventurer,0.6875,1470,3,4,0.28000000001480235
CO,Adventurer,0.6875,1491,3,4,0.2800000000000035
CO,Adventurer,0.6875,1512,3,4,0.2800000000003857
CO,Adventurer,0.6875,1533,3,4,0.280000000000011
CO,Adventurer,0.6875,1554,3,4,0.28000000000000785
CO,Adventurer,0.6875,1575,3,4,0.28000000000000014
CO,Adventurer,0.6875,1596,3,4,0.28000000000000264
CO,Adventurer,0.6875,1617,3,4,0.279999999999913
CO,Adventurer,0.6875,1638,3,4,0.2800000000000181
CO,Adventurer,0.6875,1659,3,4,0.2800000000000009
CO,Adventurer,0.6875,1680,3,4,0.2799999999999998
CO,Adventurer,0.6875,1701,3,4,0.2800000000000086
CO,Adventurer,0.6875,1722,3,4,0.28000000000041936
CO,Adventurer,0.6875,1743,3,4,0.2800000000000112
CO,Adventurer,0.6875,1764,3,4,0.27999999999999936
CO,Adventurer,0.6875,1785,3,4,0.27999999999999986
CO,Adventurer,0.6875,1806,3,4,0.28000000000000114
CO,Adventurer,0.6875,1827,3,4,0.28000000000000225
CO,Adventurer,0.6875,1848,3,4,0.27999999999999775
CO,Adventurer,0.6875,1869,3,4,0.2799999999999998
CO,Adventurer,0.6875,1890,3,4,0.28
CO,Adventurer,0.6875,1911,3,4,0.27999999999999836
CO,Adventurer,0.6875,1932,3,4,0.27999999999999836
CO,Adventurer,0.6875,1953,3,4,0.27999999999999275
CO,Adventurer,0.6875,1974,3,4,0.27999999999999936
CO,Adventurer,0.6875,1995,3,4,0.27999999999999947
CO,Adventurer,0.6875,2016,3,4,0.2799999999999999
CO,Adventurer,0.6875,2037,3,4,0.2800000000000001
CO,Adventurer,0.6875,2058,3,4,0.2800000000000012
CO,Adventurer,0.6875,2079,3,4,0.28000000000000025
CO,Adventurer,0.6875,2100,3,4,0.2800000000000001
CO,Adventurer,0.6875,2121,3,4,0.2800000000000048
CO,Adventurer,0.6875,2142,3,4,0.28000000000000025
CO,Adventurer,0.6875,2163,3,4,0.28000000000006775
CO,Adventurer,0.6875,2184,3,4,0.28000000000000036
CO,Adventurer,0.6875,2205,3,4,0.27999999999999986
CO,Adventurer,0.6875,2226,3,4,0.28000000000000014
CO,Adventurer,0.6875,2247,3,4,0.28000000000000014
CO,Adventurer,0.6875,2268,3,4,0.2799999999999999
CO,Innovator,0.8125,252,3,4,0.2800000000000017
CO,Innovator,0.8125,273,3,4,0.27999999999999997
CO,Innovator,0.8125,294,3,4,0.27999999999999997
CO,Innovator,0.8125,315,3,4,0.2800000000215155
CO,Innovator,0.8125,336,3,4,0.279999999999999
CO,Innovator,0.8125,357,3,4,0.2799999999999987
CO,Innovator,0.8125,378,3,4,0.28000000000000075
CO,Innovator,0.8125,399,3,4,0.27999999999999986
CO,Innovator,0.8125,420,3,4,0.28
CO,Innovator,0.8125,441,3,4,0.2799999999999999
CO,Innovator,0.8125,462,3,4,0.27999999999999986
CO,Innovator,0.8125,483,3,4,0.28
CO,Innovator,0.8125,504,3,4,0.2800000000021297
CO,Innovator,0.8125,525,3,4,0.2799999999999994
CO,Innovator,0.8125,546,3,4,0.2799999999999998
CO,Innovator,0.8125,567,3,4,0.2799999999999989
CO,Innovator,0.8125,588,3,4,0.27999999999994474
CO,Innovator,0.8125,609,3,4,0.2799999999999961
CO,Innovator,0.8125,630,3,4,0.2800000000001829
CO,Innovator,0.8125,651,3,4,0.2799999999999996
CO,Innovator,0.8125,672,3,4,0.279999999999999
CO,Innovator,0.8125,693,3,4,0.2800000000017199
CO,Innovator,0.8125,714,3,4,0.28000000000000186
CO,Innovator,0.8125,735,3,4,0.2800000000000378
CO,Innovator,0.8125,756,3,4,0.2800000000045013
CO,Innovator,0.8125,777,3,4,0.28000000000000347
CO,Innovator,0.8125,798,3,4,0.2800000000000005
CO,Innovator,0.8125,819,3,4,0.2800000000000086
CO,Innovator,0.8125,840,3,4,0.2800000000001979
CO,Innovator,0.8125,861,3,4,0.2800000000000008
CO,Innovator,0.8125,882,3,4,0.2800000000000002
CO,Innovator,0.8125,903,3,4,0.27999999999999964
CO,Innovator,0.8125,924,3,4,0.2800000000000012
CO,Innovator,0.8125,945,3,4,0.2800000000000002
CO,Innovator,0.8125,966,3,4,0.2799999999999999
CO,Innovator,0.8125,987,3,4,0.2799999999999985
CO,Innovator,0.8125,1008,3,4,0.28000000000000674
CO,Innovator,0.8125,1029,3,4,0.28000000000041353
CO,Innovator,0.8125,1050,3,4,0.28000000000000014
CO,Innovator,0.8125,1071,3,4,0.2800000000016246
CO,Innovator,0.8125,1092,3,4,0.2800000000027709
CO,Innovator,0.8125,1113,3,4,0.28000000000000025
CO,Innovator,0.8125,1134,3,4,0.28
CO,Innovator,0.8125,1155,3,4,0.2800000000014423
CO,Innovator,0.8125,1176,3,4,0.2800000000000241
CO,Innovator,0.8125,1197,3,4,0.28000000000000025
CO,Innovator,0.8125,1218,3,4,0.28
CO,Innovator,0.8125,1239,3,4,0.2799999999999999
CO,Innovator,0.8125,1260,3,4,0.28000000000000125
CO,Innovator,0.8125,1281,3,4,0.2799999999999999
CO,Innovator,0.8125,1302,3,4,0.27999999999999997
CO,Innovator,0.8125,1323,3,4,0.28000000000000247
CO,Innovator,0.8125,1344,3,4,0.2799999999999996
CO,Innovator,0.8125,1365,3,4,0.27999999999999997
CO,Innovator,0.8125,1386,3,4,0.2800000000000006
CO,Innovator,0.8125,1407,3,4,0.2800000000000007
CO,Innovator,0.8125,1428,3,4,0.2800000000000066
CO,Innovator,0.8125,1449,3,4,0.2800000000000004
CO,Innovator,0.8125,1470,3,4,0.2799999999999976
CO,Innovator,0.8125,1491,3,4,0.2800000000001033
CO,Innovator,0.8125,1512,3,4,0.2800000000000057
CO,Innovator,0.8125,1533,3,4,0.2799999999999965
CO,Innovator,0.8125,1554,3,4,0.2799999999999976
CO,Innovator,0.8125,1575,3,4,0.2800000000000159
CO,Innovator,0.8125,1596,3,4,0.2799999997960946
CO,Innovator,0.8125,1617,3,4,0.2799999999999999
CO,Innovator,0.8125,1638,3,4,0.28000000000000674
CO,Innovator,0.8125,1659,3,4,0.27999999999999886
CO,Innovator,0.8125,1680,3,4,0.28000000000028075
CO,Innovator,0.8125,1701,3,4,0.280000000002161
CO,Innovator,0.8125,1722,3,4,0.2800000000000096
CO,Innovator,0.8125,1743,3,4,0.28
CO,Innovator,0.8125,1764,3,4,0.2800000000000446
CO,Innovator,0.8125,1785,3,4,0.27999999999999986
CO,Innovator,0.8125,1806,3,4,0.27999999999999936
CO,Innovator,0.8125,1827,3,4,0.2799999999999998
CO,Innovator,0.8125,1848,3,4,0.2799999999999994
CO,Innovator,0.8125,1869,3,4,0.28000000000000147
CO,Innovator,0.8125,1890,3,4,0.28000000000016856
CO,Innovator,0.8125,1911,3,4,0.28000000000109326
CO,Innovator,0.8125,1932,3,4,0.27999999999999997
CO,Innovator,0.8125,1953,3,4,0.27999999999983816
CO,Innovator,0.8125,1974,3,4,0.27999999999999986
CO,Innovator,0.8125,1995,3,4,0.28
CO,Innovator,0.8125,2016,3,4,0.28
CO,Innovator,0.8125,2037,3,4,0.2800000000000067
CO,Innovator,0.8125,2058,3,4,0.27999999999999997
CO,Innovator,0.8125,2079,3,4,0.2800000000000006
CO,Innovator,0.8125,2100,3,4,0.28
CO,Innovator,0.8125,2121,3,4,0.2800000000000009
CO,Innovator,0.8125,2142,3,4,0.2800000000000002
CO,Innovator,0.8125,2163,3,4,0.2799999999999994
CO,Innovator,0.8125,2184,3,4,0.2799999999999999
CO,Innovator,0.8125,2205,3,4,0.2800000000000007
CO,Innovator,0.8125,2226,3,4,0.27999999999999986
CO,Innovator,0.8125,2247,3,4,0.28
CO,Innovator,0.8125,2268,3,4,0.28
CO,Visionary,0.9375,252,3,4,0.28000000000000863
CO,Visionary,0.9375,273,3,4,0.2800000000000174
CO,Visionary,0.9375,294,3,4,0.28000000000026903
CO,Visionary,0.9375,315,3,4,0.2800000000000022
CO,Visionary,0.9375,336,3,4,0.2800000000000003
CO,Visionary,0.9375,357,3,4,0.28000000000000025
CO,Visionary,0.9375,378,3,4,0.27999999999999986
CO,Visionary,0.9375,399,3,4,0.28000000000000447
CO,Visionary,0.9375,420,3,4,0.2800000000000299
CO,Visionary,0.9375,441,3,4,0.28000000000000036
CO,Visionary,0.9375,462,3,4,0.28
CO,Visionary,0.9375,483,3,4,0.27999999999999964
CO,Visionary,0.9375,504,3,4,0.28000000000000036
CO,Visionary,0.9375,525,3,4,0.2800000000000064
CO,Visionary,0.9375,546,3,4,0.28000000000000147
CO,Visionary,0.9375,567,3,4,0.2799999999999998
CO,Visionary,0.9375,588,3,4,0.28000000000000885
CO,Visionary,0.9375,609,3,4,0.28000000000000347
CO,Visionary,0.9375,630,3,4,0.2799999999999996
CO,Visionary,0.9375,651,3,4,0.27999999999999936
CO,Visionary,0.9375,672,3,4,0.2799999999999994
CO,Visionary,0.9375,693,3,4,0.2799999999999999
CO,Visionary,0.9375,714,3,4,0.2799999999999998
CO,Visionary,0.9375,735,3,4,0.27999999999999653
CO,Visionary,0.9375,756,3,4,0.2800000000000001
CO,Visionary,0.9375,777,3,4,0.28000000000000025
CO,Visionary,0.9375,798,3,4,0.2799999999999998
CO,Visionary,0.9375,819,3,4,0.27999999999999864
CO,Visionary,0.9375,840,3,4,0.2799999999999998
CO,Visionary,0.9375,861,3,4,0.2799999999999998
CO,Visionary,0.9375,882,3,4,0.2799999999999997
CO,Visionary,0.9375,903,3,4,0.28000000000000025
CO,Visionary,0.9375,924,3,4,0.27999999999999936
CO,Visionary,0.9375,945,3,4,0.2800000000000006
CO,Visionary,0.9375,966,3,4,0.2799999999999979
CO,Visionary,0.9375,987,3,4,0.28000000000000136
CO,Visionary,0.9375,1008,3,4,0.2800000000003209
CO,Visionary,0.9375,1029,3,4,0.27999999999999997
CO,Visionary,0.9375,1050,3,4,0.2799999999999997
CO,Visionary,0.9375,1071,3,4,0.280000000000002
CO,Visionary,0.9375,1092,3,4,0.2799999999999993
CO,Visionary,0.9375,1113,3,4,0.28000000000000025
CO,Visionary,0.9375,1134,3,4,0.28
CO,Visionary,0.9375,1155,3,4,0.2799999999999999
CO,Visionary,0.9375,1176,3,4,0.28000000000000025
CO,Visionary,0.9375,1197,3,4,0.2799999999999998
CO,Visionary,0.9375,1218,3,4,0.27999999999999975
CO,Visionary,0.9375,1239,3,4,0.27999999999999925
CO,Visionary,0.9375,1260,3,4,0.2800000000000004
CO,Visionary,0.9375,1281,3,4,0.28000000000000086
CO,Visionary,0.9375,1302,3,4,0.27999999999999914
CO,Visionary,0.9375,1323,3,4,0.2799999999999998
CO,Visionary,0.9375,1344,3,4,0.27999999999999875
CO,Visionary,0.9375,1365,3,4,0.2799999999999998
CO,Visionary,0.9375,1386,3,4,0.27999999999999964
CO,Visionary,0.9375,1407,3,4,0.2800000000000001
CO,Visionary,0.9375,1428,3,4,0.28
CO,Visionary,0.9375,1449,3,4,0.2800000000000003
CO,Visionary,0.9375,1470,3,4,0.2800000000000006
CO,Visionary,0.9375,1491,3,4,0.2800000000000011
CO,Visionary,0.9375,1512,3,4,0.28000000000000036
CO,Visionary,0.9375,1533,3,4,0.27999999999999947
CO,Visionary,0.9375,1554,3,4,0.2800000000000001
CO,Visionary,0.9375,1575,3,4,0.28000000000089126
CO,Visionary,0.9375,1596,3,4,0.2800000000004675
CO,Visionary,0.9375,1617,3,4,0.28000000000028546
CO,Visionary,0.9375,1638,3,4,0.28000000000005104
CO,Visionary,0.9375,1659,3,4,0.28000000000028363
CO,Visionary,0.9375,1680,3,4,0.28000000000039005
CO,Visionary,0.9375,1701,3,4,0.28000000000000025
CO,Visionary,0.9375,1722,3,4,0.27999999999999875
CO,Visionary,0.9375,1743,3,4,0.280000000000001
CO,Visionary,0.9375,1764,3,4,0.2799999999999985
CO,Visionary,0.9375,1785,3,4,0.27999999999999975
CO,Visionary,0.9375,1806,3,4,0.2799999999999998
CO,Visionary,0.9375,1827,3,4,0.2799999999999997
CO,Visionary,0.9375,1848,3,4,0.2799999999999951
CO,Visionary,0.9375,1869,3,4,0.28000000000011427
CO,Visionary,0.9375,1890,3,4,0.279999999999941
CO,Visionary,0.9375,1911,3,4,0.27999999999999753
CO,Visionary,0.9375,1932,3,4,0.2800000000001095
CO,Visionary,0.9375,1953,3,4,0.28
CO,Visionary,0.9375,1974,3,4,0.2799999999999997
CO,Visionary,0.9375,1995,3,4,0.2799999999999999
CO,Visionary,0.9375,2016,3,4,0.28
CO,Visionary,0.9375,2037,3,4,0.2800000000256375
CO,Visionary,0.9375,2058,3,4,0.2800000000000011
CO,Visionary,0.9375,2079,3,4,0.2800000000002294
CO,Visionary,0.9375,2100,3,4,0.2800000000192497
CO,Visionary,0.9375,2121,3,4,0.27999999999999986
CO,Visionary,0.9375,2142,3,4,0.28000000000000025
CO,Visionary,0.9375,2163,3,4,0.28000000000000014
CO,Visionary,0.9375,2184,3,4,0.2799999999999999
CO,Visionary,0.9375,2205,3,4,0.2799999999999999
CO,Visionary,0.9375,2226,3,4,0.28
CO,Visionary,0.9375,2247,3,4,0.27999999999999975
CO,Visionary,0.9375,2268,3,4,0.28
