mercado,perfil,orness,k,rebalanceos,peso_max,peso_max_medio,rebalanceos_sobre_tope,tope
US,Guardian,0.0625,8,107,0.1975618935148852,0.16062371999208597,0,0.3
US,Sentinel,0.1875,8,107,0.19350901112464589,0.15584234435348027,0,0.3
US,Pragmatist,0.3125,8,107,0.18120794381426816,0.15302179404335944,0,0.3
US,Analyst,0.4375,8,107,0.16824136712459292,0.14743958796281723,0,0.3
US,Strategist,0.5625,8,107,0.15767724230733032,0.14376244732306684,0,0.3
US,Adventurer,0.6875,8,107,0.15417294243453852,0.13996431567331016,0,0.3
US,Innovator,0.8125,8,107,0.1463512138717311,0.13593186227031862,0,0.3
US,Visionary,0.9375,8,107,0.13747954072620588,0.13164003811586128,0,0.3
CO,Guardian,0.0625,8,97,0.2035195374793147,0.1666718379105593,0,0.3
CO,Sentinel,0.1875,8,97,0.1957443996776164,0.16209999031314015,0,0.3
CO,Pragmatist,0.3125,8,97,0.1912626063520228,0.15796821630503458,0,0.3
CO,Analyst,0.4375,8,97,0.18304545054839952,0.15354399934779367,0,0.3
CO,Strategist,0.5625,8,97,0.17403958909906264,0.14951190572913042,0,0.3
CO,Adventurer,0.6875,8,97,0.16475919970335584,0.14506907618945036,0,0.3
CO,Innovator,0.8125,8,97,0.15602872696472028,0.14015490530625593,0,0.3
CO,Visionary,0.9375,8,97,0.14755536799118976,0.1343742004838169,0,0.3
