perfil,orness,t,V_mejor,V_rango,V_rango_rel,pct_arranques_optimo
Guardian,0.158,252,-0.0065366880946655555,7.995274923892903e-09,1.2231385080799048e-06,100.0
Guardian,0.158,273,-0.0059604180018093846,7.839589949432124e-10,1.315275194969931e-07,100.0
Guardian,0.158,294,-0.005792804320032467,5.534642011188751e-09,9.55433966938785e-07,100.0
Guardian,0.158,315,-0.006003057773356932,2.372373547609996e-09,3.9519418889139824e-07,100.0
Guardian,0.158,336,-0.005985038196676211,2.2196978291880165e-09,3.7087446332769023e-07,100.0
Guardian,0.158,357,-0.005979308465917914,3.3172030962369536e-08,5.547803922719537e-06,100.0
Guardian,0.158,378,-0.006270823848195845,8.987184187819741e-09,1.4331743970778911e-06,100.0
Guardian,0.158,399,-0.005525833010157019,1.0269353062364317e-08,1.858426239715939e-06,100.0
Guardian,0.158,420,-0.0059343073961973915,9.614756904703647e-09,1.6201986622507336e-06,100.0
Guardian,0.158,441,-0.005622602807005868,1.11716543299209e-08,1.9869186413098232e-06,100.0
Guardian,0.158,462,-0.005493497159327446,1.0141440712381489e-08,1.8460809969041792e-06,100.0
Guardian,0.158,483,-0.005334092516675525,3.021679263574828e-09,5.664842246602222e-07,100.0
Guardian,0.158,504,-0.00532360223282276,7.91225679593055e-09,1.486259951419247e-06,100.0
Guardian,0.158,525,-0.005346932587669374,1.9603498097389704e-08,3.666307322182735e-06,100.0
Guardian,0.158,546,-0.004837790380431613,3.1414492248846293e-09,6.493562097257217e-07,100.0
Guardian,0.158,567,-0.004572533258749388,5.632622764040196e-09,1.2318385554139736e-06,100.0
Guardian,0.158,588,-0.004492084700399229,5.440011157688274e-09,1.2110215012652807e-06,100.0
Guardian,0.158,609,-0.0045922255323558835,1.5241331361923183e-08,3.318942254585685e-06,100.0
Guardian,0.158,630,-0.004210483434033438,9.273732272559176e-09,2.2025338462560803e-06,100.0
Guardian,0.158,651,-0.004007573995954507,2.7840646793161894e-09,6.947007546527142e-07,100.0
Guardian,0.158,672,-0.003309275300656657,4.070593782184995e-09,1.2300559525456433e-06,100.0
Guardian,0.158,693,-0.00319884365294462,2.171547938429469e-09,6.788540404062892e-07,100.0
Guardian,0.158,714,-0.003545997932839607,5.301041524144456e-09,1.4949364394861404e-06,100.0
Guardian,0.158,735,-0.003630336210494874,4.0791089646677325e-09,1.1236174084580675e-06,100.0
Guardian,0.158,756,-0.00354663249117588,2.478223327505996e-09,6.98753911963499e-07,100.0
Guardian,0.158,777,-0.0037868643458716994,3.807692635585808e-09,1.0055001414922123e-06,100.0
Guardian,0.158,798,-0.004345963459405633,6.411640278598807e-09,1.4753092929768172e-06,100.0
Guardian,0.158,819,-0.004361916189710566,1.2948862789310955e-09,2.968617971123873e-07,100.0
Guardian,0.158,840,-0.004670575024794606,4.831761776270815e-09,1.0345111149313564e-06,100.0
Guardian,0.158,861,-0.0060621862337079625,1.7708885798745078e-09,2.921204515340889e-07,100.0
Guardian,0.158,882,-0.006696700756774794,3.4815924032649548e-09,5.198966669882571e-07,100.0
Guardian,0.158,903,-0.006570467111878797,1.3497725257806403e-08,2.054302232698763e-06,100.0
Guardian,0.158,924,-0.006567420052865331,6.435027857798481e-09,9.798410648319825e-07,100.0
Guardian,0.158,945,-0.006985502139848677,3.3174033832461536e-09,4.7489834185606826e-07,100.0
Guardian,0.158,966,-0.006989027825523745,1.2099577381685656e-08,1.7312246686868693e-06,100.0
Guardian,0.158,987,-0.007063546806707948,1.3706452388004275e-09,1.940449007145793e-07,100.0
Guardian,0.158,1008,-0.007022465216884036,1.0758419232738403e-08,1.5320003589155633e-06,100.0
Guardian,0.158,1029,-0.007737438079454891,5.62785313316938e-09,7.27353560103174e-07,100.0
Guardian,0.158,1050,-0.007367614327037266,3.161749154156901e-09,4.2914151227407326e-07,100.0
Guardian,0.158,1071,-0.007383572615202962,9.542030736733875e-09,1.2923324837473114e-06,100.0
Guardian,0.158,1092,-0.007043266141887862,5.562187313165601e-09,7.897170433594781e-07,100.0
Guardian,0.158,1113,-0.005689133674598231,5.5476396297951536e-09,9.751290701016846e-07,100.0
Guardian,0.158,1134,-0.0052115606636004425,6.44039573928501e-09,1.2357902277272194e-06,100.0
Guardian,0.158,1155,-0.006901072210036869,7.053242630575274e-09,1.022050257685623e-06,100.0
Guardian,0.158,1176,-0.011576771381906704,1.9515910649678392e-08,1.685781813069207e-06,100.0
Guardian,0.158,1197,-0.0120140264884538,1.3612799151796473e-09,1.133075506773619e-07,100.0
Guardian,0.158,1218,-0.012833590601213142,1.4218090248555026e-08,1.1078809267307475e-06,100.0
Guardian,0.158,1239,-0.012818713110354818,4.7317906138460986e-09,3.691314855953683e-07,100.0
Guardian,0.158,1260,-0.013572684297331853,5.325165872496762e-09,3.9234434072437643e-07,100.0
Guardian,0.158,1281,-0.013420370413260758,1.4553576538345325e-09,1.0844392583951959e-07,100.0
Guardian,0.158,1302,-0.013355430769009611,1.8367241529787526e-09,1.375263879350675e-07,100.0
Guardian,0.158,1323,-0.01439832840674566,5.187186994173865e-09,3.6026313941718763e-07,100.0
Guardian,0.158,1344,-0.014552065114529738,4.7710025739139406e-09,3.278574234216598e-07,100.0
Guardian,0.158,1365,-0.015139601267979879,1.3662771226885528e-09,9.024525141082921e-08,100.0
Guardian,0.158,1386,-0.015023209906686229,7.486874075562922e-09,4.983538219905197e-07,100.0
Guardian,0.158,1407,-0.014090667083576652,6.150685707279058e-09,4.3650777289657045e-07,100.0
Guardian,0.158,1428,-0.009317902422292839,1.1203717814600722e-09,1.2023862567820113e-07,100.0
Guardian,0.158,1449,-0.009144879273941486,9.202358531440469e-09,1.006285403642536e-06,100.0
Guardian,0.158,1470,-0.00837024353801582,6.814543462504985e-09,8.141392101143551e-07,100.0
Guardian,0.158,1491,-0.008608960066259712,1.0177783159662224e-08,1.1822314288053273e-06,100.0
Guardian,0.158,1512,-0.007964661326820648,1.1103357355074506e-08,1.3940777767517165e-06,100.0
Guardian,0.158,1533,-0.007642771114076319,2.9828016086599907e-08,3.902775006785589e-06,100.0
Guardian,0.158,1554,-0.007510318175370675,3.3079138855168777e-09,4.4044923374416347e-07,100.0
Guardian,0.158,1575,-0.007718824863902529,1.1166328487723087e-08,1.44663581369011e-06,100.0
Guardian,0.158,1596,-0.007727893332387079,1.670869471774583e-08,2.162128021063751e-06,100.0
Guardian,0.158,1617,-0.007896986674246705,1.9313153996197707e-08,2.445635885290384e-06,100.0
Guardian,0.158,1638,-0.007847135115284546,6.340745151156568e-09,8.080331303084292e-07,100.0
Guardian,0.158,1659,-0.007675017965675297,2.4004955468705236e-08,3.1276741730197536e-06,100.0
Guardian,0.158,1680,-0.008048573728733086,5.069088660977772e-09,6.298120427078065e-07,100.0
Guardian,0.158,1701,-0.008326424137614943,2.1324947727802135e-09,2.5611171585009535e-07,100.0
Guardian,0.158,1722,-0.00919703153628452,1.9236165230140934e-09,2.0915623866515622e-07,100.0
Guardian,0.158,1743,-0.009689623206373989,1.6793071429960227e-09,1.7330984984961517e-07,100.0
Guardian,0.158,1764,-0.010454740129744814,4.926073590705293e-09,4.7118087389758314e-07,100.0
Guardian,0.158,1785,-0.011026493552529727,9.893087441273374e-09,8.972106494365724e-07,100.0
Guardian,0.158,1806,-0.01136614846984182,5.93294063183647e-09,5.21983383164362e-07,100.0
Guardian,0.158,1827,-0.011447439734277328,4.537303619628341e-09,3.963596860913965e-07,100.0
Guardian,0.158,1848,-0.011651724247085507,1.751805931912709e-08,1.5034735587317862e-06,100.0
Guardian,0.158,1869,-0.012019917671251587,3.802902230967686e-09,3.1638338422759804e-07,100.0
Guardian,0.158,1890,-0.012276988392249862,1.4607403515942696e-09,1.189819770878334e-07,100.0
Guardian,0.158,1911,-0.012349948627789566,3.2417192749600865e-09,2.6248848255657075e-07,100.0
Guardian,0.158,1932,-0.012318535359875094,5.511120719503548e-09,4.4738441369051115e-07,100.0
Guardian,0.158,1953,-0.011503857978699756,1.0503529228669817e-08,9.130440629672131e-07,100.0
Guardian,0.158,1974,-0.010920837672497663,3.731459693318007e-09,3.4168255267771955e-07,100.0
Guardian,0.158,1995,-0.011115420389977608,1.7727494769012586e-08,1.5948559880827231e-06,100.0
Guardian,0.158,2016,-0.010437447439605903,3.850262948745797e-09,3.688893257690192e-07,100.0
Guardian,0.158,2037,-0.009704028484340214,1.0067838732835677e-08,1.0374906410345516e-06,100.0
Guardian,0.158,2058,-0.009086843627326197,3.396649137302199e-09,3.737985681945385e-07,100.0
Guardian,0.158,2079,-0.008824206622122036,4.088638021898516e-09,4.633434139731516e-07,100.0
Guardian,0.158,2100,-0.008312019812189216,4.076688518012128e-09,4.904570261049957e-07,100.0
Guardian,0.158,2121,-0.007670206068113844,3.563627588333562e-09,4.646064990545792e-07,100.0
Guardian,0.158,2142,-0.008291711351785249,5.386417346875394e-09,6.496146716100616e-07,100.0
Guardian,0.158,2163,-0.007595267596283039,2.8119236748086474e-09,3.702204878449237e-07,100.0
Guardian,0.158,2184,-0.0076384802246615155,1.5083671905252727e-08,1.9746954186716023e-06,100.0
Guardian,0.158,2205,-0.007648474002799908,2.62456862753363e-09,3.431493166575246e-07,100.0
Guardian,0.158,2226,-0.007286983816107352,2.6187177847199206e-08,3.5936923297831866e-06,100.0
Guardian,0.158,2247,-0.006601554010805379,1.2247041208425513e-08,1.8551754917674897e-06,100.0
Guardian,0.158,2268,-0.0063364861526267946,1.2968025900512992e-08,2.046564229472369e-06,100.0
Sentinel,0.257,252,-0.004223501550801119,1.5243559123301331e-09,3.609223043947957e-07,100.0
Sentinel,0.257,273,-0.0037595470152255884,3.813111000561253e-09,1.0142474572385288e-06,100.0
Sentinel,0.257,294,-0.003617655038165093,2.081275921571313e-09,5.753107744145098e-07,100.0
Sentinel,0.257,315,-0.0037761519533114503,1.1637310811177248e-09,3.0817909223626585e-07,100.0
Sentinel,0.257,336,-0.0037882096664469886,2.5292668571520738e-09,6.676681281805361e-07,100.0
Sentinel,0.257,357,-0.00374395289436031,4.800171467776726e-09,1.2821132111484221e-06,100.0
Sentinel,0.257,378,-0.003891295313116923,2.5104797342530294e-09,6.451527145191502e-07,100.0
Sentinel,0.257,399,-0.0033897695850259937,2.0588245132173444e-09,6.073641472010425e-07,100.0
Sentinel,0.257,420,-0.0037519862264541767,4.875901825525386e-09,1.2995521655028486e-06,100.0
Sentinel,0.257,441,-0.0035110728583532783,1.9458169880047504e-09,5.541944204818793e-07,100.0
Sentinel,0.257,462,-0.003434303388338237,7.842965700499693e-09,2.283713700755682e-06,100.0
Sentinel,0.257,483,-0.0032620134685199032,1.0550341476324443e-08,3.2343034687442675e-06,100.0
Sentinel,0.257,504,-0.003274969531966754,6.175277309904831e-09,1.8855984001159005e-06,100.0
Sentinel,0.257,525,-0.003329516912933505,8.300250399322084e-09,2.4929293397128486e-06,100.0
Sentinel,0.257,546,-0.0029608041902497505,2.6633003367797226e-09,8.995192406003273e-07,100.0
Sentinel,0.257,567,-0.0027673479031258812,6.937768626952279e-09,2.507009913396022e-06,100.0
Sentinel,0.257,588,-0.0027051475547083263,2.8140846241794804e-09,1.0402702873939532e-06,100.0
Sentinel,0.257,609,-0.0027253440803555315,3.3219548617978434e-09,1.218912094712269e-06,100.0
Sentinel,0.257,630,-0.002481676782519253,4.946178995025863e-09,1.9930794492926638e-06,100.0
Sentinel,0.257,651,-0.0023847289396329826,2.1327754601459248e-09,8.943471204212274e-07,100.0
Sentinel,0.257,672,-0.001930034017731979,7.489671751716165e-09,3.880590540324997e-06,100.0
Sentinel,0.257,693,-0.0018796237201437749,3.6683757346882284e-09,1.9516543100486247e-06,100.0
Sentinel,0.257,714,-0.002150112712910012,2.067773920838567e-09,9.617048950145475e-07,100.0
Sentinel,0.257,735,-0.0022492786414637657,3.0398444529795843e-09,1.3514752672000394e-06,100.0
Sentinel,0.257,756,-0.002217555326859813,3.1839927625877673e-09,1.4358120963306407e-06,100.0
Sentinel,0.257,777,-0.0024032763952947698,4.952546892120907e-09,2.0607479446880104e-06,100.0
Sentinel,0.257,798,-0.002771719591819228,2.118650043164e-09,7.643810901424615e-07,100.0
Sentinel,0.257,819,-0.0027991655051753093,2.641534547955654e-09,9.436864462182693e-07,100.0
Sentinel,0.257,840,-0.003069084058369261,2.0241143648333515e-09,6.595174085615798e-07,100.0
Sentinel,0.257,861,-0.004021202626956081,3.167670410697543e-09,7.877420524554281e-07,100.0
Sentinel,0.257,882,-0.0045100705916446444,2.16805012224347e-09,4.807131237058682e-07,100.0
Sentinel,0.257,903,-0.004364023470087568,2.562890728634304e-09,5.872770268540461e-07,100.0
Sentinel,0.257,924,-0.004367027665136407,5.047283757608767e-09,1.1557709601665901e-06,100.0
Sentinel,0.257,945,-0.004626532521195464,7.57744985681319e-10,1.6378248336305284e-07,100.0
Sentinel,0.257,966,-0.004571204981809425,2.0407669634042724e-09,4.464396087082652e-07,100.0
Sentinel,0.257,987,-0.0046245793681464285,3.557353295616239e-09,7.692274285784519e-07,100.0
Sentinel,0.257,1008,-0.004563729585790985,2.8155811232846717e-09,6.169474046076014e-07,100.0
Sentinel,0.257,1029,-0.005088382884197675,3.3199745001766257e-09,6.524616122122092e-07,100.0
Sentinel,0.257,1050,-0.0047149659203215314,3.2378723348325256e-09,6.867223198533157e-07,100.0
Sentinel,0.257,1071,-0.004684374500138659,4.473372104164819e-09,9.549561214698794e-07,100.0
Sentinel,0.257,1092,-0.004396151924666997,1.0601449084921e-09,2.4115292798312577e-07,100.0
Sentinel,0.257,1113,-0.00340719261482216,1.5967425645579958e-09,4.6863877246380405e-07,100.0
Sentinel,0.257,1134,-0.0030859298096673517,2.0925290155140996e-09,6.780870416944656e-07,100.0
Sentinel,0.257,1155,-0.004131796646878877,1.7225240825716193e-09,4.168946900793869e-07,100.0
Sentinel,0.257,1176,-0.006937014409824439,5.3580232247524284e-09,7.72381734880673e-07,100.0
Sentinel,0.257,1197,-0.007366998693776241,1.9938359713256304e-09,2.706442683382115e-07,100.0
Sentinel,0.257,1218,-0.007959024781437708,4.0868610544364525e-09,5.134876654697647e-07,100.0
Sentinel,0.257,1239,-0.007883982990012556,2.6545828504115354e-09,3.3670580641464675e-07,100.0
Sentinel,0.257,1260,-0.008400498614621367,3.616827160685121e-09,4.305491050721566e-07,100.0
Sentinel,0.257,1281,-0.00818001646688482,4.5247976563495e-09,5.531526341868929e-07,100.0
Sentinel,0.257,1302,-0.008178366723682332,2.0769472114379184e-09,2.5395623375797545e-07,100.0
Sentinel,0.257,1323,-0.008785849967206619,1.831911049937629e-09,2.0850698074463803e-07,100.0
Sentinel,0.257,1344,-0.008709917296717419,5.058014547129619e-09,5.807190097012604e-07,100.0
Sentinel,0.257,1365,-0.009166902823402002,3.7899083593639915e-09,4.1343389718158795e-07,100.0
Sentinel,0.257,1386,-0.009126387440052793,4.326461661152692e-09,4.7406070469518277e-07,100.0
Sentinel,0.257,1407,-0.008553776298435175,5.500981486300516e-09,6.431056055682522e-07,100.0
Sentinel,0.257,1428,-0.005913887223471989,1.960874818421332e-09,3.3157122283947115e-07,100.0
Sentinel,0.257,1449,-0.005799751187071842,2.31416091671377e-09,3.990103785611078e-07,100.0
Sentinel,0.257,1470,-0.005360011329673344,2.3060442487857213e-09,4.3023122656836976e-07,100.0
Sentinel,0.257,1491,-0.005665570758636769,4.220867486255664e-09,7.450030484256586e-07,100.0
Sentinel,0.257,1512,-0.005304525026301206,3.304194574199615e-09,6.229011189157492e-07,100.0
Sentinel,0.257,1533,-0.005020344064279887,6.016365259285672e-09,1.1983969987420878e-06,100.0
Sentinel,0.257,1554,-0.004940402397074022,2.0100682923684943e-09,4.068632736392014e-07,100.0
Sentinel,0.257,1575,-0.005170538894625858,3.9570267514055235e-09,7.653025791022224e-07,100.0
Sentinel,0.257,1596,-0.005230951932397355,2.1666553186999726e-09,4.141990495613273e-07,100.0
Sentinel,0.257,1617,-0.005368716595955016,5.030658603230598e-09,9.370318796527417e-07,100.0
Sentinel,0.257,1638,-0.005294128023956121,3.228300549627805e-09,6.097889085831752e-07,100.0
Sentinel,0.257,1659,-0.005101189540904497,3.0313455018707303e-09,5.942428677788826e-07,100.0
Sentinel,0.257,1680,-0.0053796292293402225,3.4307380747042315e-09,6.377276069497804e-07,100.0
Sentinel,0.257,1701,-0.005627157944215294,3.584930954522725e-10,6.370766539809009e-08,100.0
Sentinel,0.257,1722,-0.0062822050164499914,2.1901810321953152e-09,3.486325305303334e-07,100.0
Sentinel,0.257,1743,-0.006629995242871818,1.1871887353395727e-09,1.7906328614880508e-07,100.0
Sentinel,0.257,1764,-0.007239292012473954,1.278045604069522e-08,1.7654289975695607e-06,100.0
Sentinel,0.257,1785,-0.007684578850260064,4.096530661565345e-09,5.330846024732649e-07,100.0
Sentinel,0.257,1806,-0.00794319023731523,3.2730932200686347e-09,4.1206280125237547e-07,100.0
Sentinel,0.257,1827,-0.007935628055164328,1.7440544147762083e-09,2.197752216525845e-07,100.0
Sentinel,0.257,1848,-0.008241278685144559,1.597414292855981e-09,1.9383087914930292e-07,100.0
Sentinel,0.257,1869,-0.008504500264656576,1.526403448082192e-09,1.7948185085321182e-07,100.0
Sentinel,0.257,1890,-0.008721028085069757,2.3261383236272692e-09,2.667275349806035e-07,100.0
Sentinel,0.257,1911,-0.008925093560014677,6.016951815263072e-10,6.741612034432474e-08,100.0
Sentinel,0.257,1932,-0.008724652754547963,1.9899260503275507e-09,2.280808309866828e-07,100.0
Sentinel,0.257,1953,-0.008075285261484254,2.2560296131235447e-09,2.793746028866455e-07,100.0
Sentinel,0.257,1974,-0.007605177648568,3.284622396119985e-09,4.3189292188834745e-07,100.0
Sentinel,0.257,1995,-0.0076545503864019265,8.880480725781403e-10,1.1601570670378373e-07,100.0
Sentinel,0.257,2016,-0.007205752094079131,2.7719106454604514e-09,3.84680267829099e-07,100.0
Sentinel,0.257,2037,-0.006621929136080791,5.9788767652058095e-09,9.028904783394323e-07,100.0
Sentinel,0.257,2058,-0.006024017904719252,3.4256434529311708e-09,5.686642216397632e-07,100.0
Sentinel,0.257,2079,-0.005819823563426571,1.9237650829978525e-09,3.3055384961965864e-07,100.0
Sentinel,0.257,2100,-0.00526971057277018,1.2758324683184719e-09,2.421067439473801e-07,100.0
Sentinel,0.257,2121,-0.004676635855139884,3.4818065331940207e-09,7.445109350062654e-07,100.0
Sentinel,0.257,2142,-0.005310547736806086,7.573556712325846e-09,1.426134758159767e-06,100.0
Sentinel,0.257,2163,-0.00472042549537229,1.1822647678558229e-08,2.5045724564763626e-06,100.0
Sentinel,0.257,2184,-0.004797529000152213,2.1997978438825783e-09,4.5852726347517324e-07,100.0
Sentinel,0.257,2205,-0.0047752261282284275,2.7696857784684226e-09,5.800114390595268e-07,100.0
Sentinel,0.257,2226,-0.004473757688590556,5.518142063079545e-09,1.2334467906369821e-06,100.0
Sentinel,0.257,2247,-0.0038654043278555494,2.8086591160464414e-09,7.26614573230074e-07,100.0
Sentinel,0.257,2268,-0.0036682552531773554,3.2118239305135854e-09,8.755726384448246e-07,100.0
Pragmatist,0.503,252,0.0009383522801873117,4.358106531341028e-06,0.004644424725510416,65.0
Pragmatist,0.503,273,0.0015093794632169307,3.0574501264091225e-17,2.0256338455094645e-14,100.0
Pragmatist,0.503,294,0.001737218469458117,2.257960253287559e-06,0.0012997560715503301,75.0
Pragmatist,0.503,315,0.0015877889332107252,1.3444106938820255e-17,8.467187708403057e-15,100.0
Pragmatist,0.503,336,0.0015894922516719368,1.1926223897340549e-17,7.503165796999469e-15,100.0
Pragmatist,0.503,357,0.0015773433190981192,1.951563910473908e-17,1.2372473936680809e-14,100.0
Pragmatist,0.503,378,0.0014206165184052404,8.239936510889834e-18,5.8002539067614424e-15,100.0
Pragmatist,0.503,399,0.0013446135547326096,1.8430625665464152e-06,0.0013707005704794693,27.500000000000004
Pragmatist,0.503,420,0.0011993509253374493,4.837017714734567e-06,0.0040330295433537305,97.5
Pragmatist,0.503,441,0.0018084550463389438,8.456776945386935e-18,4.676243936782906e-15,100.0
Pragmatist,0.503,462,0.001770873599423529,3.146242743571649e-06,0.0017766613859938071,97.5
Pragmatist,0.503,483,0.001899591321846026,1.1492543028346347e-17,6.0500081760627725e-15,100.0
Pragmatist,0.503,504,0.0017220100446000662,1.3660947373317356e-17,7.933140353133124e-15,100.0
Pragmatist,0.503,525,0.0011741531421453882,6.714856317509635e-06,0.005718893112392809,92.5
Pragmatist,0.503,546,0.0015499713168195736,1.741249800038926e-06,0.0011234077567395515,92.5
Pragmatist,0.503,567,0.0015516873346990883,7.806255641895632e-18,5.0308173994405024e-15,100.0
Pragmatist,0.503,588,0.0013717663237824414,2.349930952423888e-06,0.0017130694285775318,65.0
Pragmatist,0.503,609,0.0016148410689248364,9.540979117872439e-18,5.9083084406720206e-15,100.0
Pragmatist,0.503,630,0.0016012866460878847,9.75781955236954e-18,6.093736918501719e-15,100.0
Pragmatist,0.503,651,0.001681684205058395,5.891236140076949e-06,0.0035031762338948655,92.5
Pragmatist,0.503,672,0.0019321495116032784,8.456776945386935e-18,4.376875026803482e-15,100.0
Pragmatist,0.503,693,0.002530340582085184,8.239936510889834e-18,3.256453526149246e-15,100.0
Pragmatist,0.503,714,0.002353310379562723,8.239936510889834e-18,3.5014236041490306e-15,100.0
Pragmatist,0.503,735,0.002396449762695305,9.107298248878237e-18,3.800329299887009e-15,100.0
Pragmatist,0.503,756,0.0025375356597544746,1.3877787807814457e-17,5.469002082578511e-15,100.0
Pragmatist,0.503,777,0.0024117730210577483,1.1709383462843448e-17,4.855093477124966e-15,100.0
Pragmatist,0.503,798,0.0023227197520735033,9.974659986866641e-18,4.294388067248411e-15,100.0
Pragmatist,0.503,819,0.002382397027682414,1.3877787807814457e-17,5.8251364682547104e-15,100.0
Pragmatist,0.503,840,0.0021603763138251402,1.5612511283791264e-17,7.2267554425034e-15,100.0
Pragmatist,0.503,861,0.0016094595116548306,6.114900252818245e-17,3.799350159812945e-14,100.0
Pragmatist,0.503,882,0.0014899644958609579,2.299343412755792e-06,0.0015432202707804418,95.0
Pragmatist,0.503,903,0.001678178851409038,1.214306433183765e-17,7.235858276751641e-15,100.0
Pragmatist,0.503,924,0.0017734085700296669,8.456776945386935e-18,4.7686568613150795e-15,100.0
Pragmatist,0.503,945,0.001052057430237053,2.2768245622195593e-17,2.16416375834781e-14,100.0
Pragmatist,0.503,966,0.0011026655122685681,1.1709383462843448e-17,1.0619161778945235e-14,100.0
Pragmatist,0.503,987,0.0012277984390077095,9.974659986866641e-18,8.124020743118088e-15,100.0
Pragmatist,0.503,1008,0.0013505863087398126,1.713039432527097e-17,1.268367242761018e-14,100.0
Pragmatist,0.503,1029,0.0010641806108759398,1.0191500421363742e-17,9.576852197086166e-15,100.0
Pragmatist,0.503,1050,0.001386767209958447,1.239166743138907e-05,0.008935650729555664,25.0
Pragmatist,0.503,1071,0.0016088935058496457,9.974659986866641e-18,6.199701814073201e-15,100.0
Pragmatist,0.503,1092,0.001745874179900313,1.691355389077387e-17,9.687727835999962e-15,100.0
Pragmatist,0.503,1113,0.002345976944510797,1.2576745200831851e-17,5.360984143624848e-15,100.0
Pragmatist,0.503,1134,0.002505579552032783,9.569261108119138e-06,0.0038191807162361183,72.5
Pragmatist,0.503,1155,0.0019261331462927045,1.0625181290357943e-17,5.516327524298411e-15,100.0
Pragmatist,0.503,1176,0.001490483547561921,1.221932423151311e-06,0.0008198228186752574,100.0
Pragmatist,0.503,1197,0.001177575758452093,9.974659986866641e-18,8.470503842553784e-15,100.0
Pragmatist,0.503,1218,0.0011779951439190178,2.190088388420719e-17,1.8591658885236273e-14,100.0
Pragmatist,0.503,1239,0.0011161337763078106,1.5829351718288365e-17,1.418230686526854e-14,100.0
Pragmatist,0.503,1260,0.0009686940904990482,1.6263032587282567e-17,1.6788615463633352e-14,100.0
Pragmatist,0.503,1281,0.0012038874257059183,2.0166160408230382e-17,1.675086887497445e-14,100.0
Pragmatist,0.503,1302,0.0010498780123148516,2.763275586987503e-06,0.0026319968173205387,25.0
Pragmatist,0.503,1323,0.0010584065785290775,1.3877787807814457e-17,1.3111962916085742e-14,100.0
Pragmatist,0.503,1344,0.0015611866348877882,1.8214596497756474e-17,1.1667148623178975e-14,100.0
Pragmatist,0.503,1365,0.001208354551323607,3.2126641729421715e-06,0.0026587098707271674,92.5
Pragmatist,0.503,1386,0.0012005667582386096,1.6565687253112561e-06,0.0013798222497361677,70.0
Pragmatist,0.503,1407,0.001607510561496686,1.0265093548874346e-05,0.006385708308701217,65.0
Pragmatist,0.503,1428,0.0015030978464823572,5.685446818200993e-06,0.0037824861711474264,77.5
Pragmatist,0.503,1449,0.002045414073052306,2.613545193578485e-06,0.0012777584881277242,35.0
Pragmatist,0.503,1470,0.0023604405240300495,1.0408340855860843e-17,4.4094908344016976e-15,100.0
Pragmatist,0.503,1491,0.0018227359678733013,7.637219193209598e-07,0.00041899755794693697,100.0
Pragmatist,0.503,1512,0.0019256106810730186,8.658438549469238e-16,4.496463711265067e-13,100.0
Pragmatist,0.503,1533,0.002096983355409761,7.806255641895632e-18,3.72261211409103e-15,100.0
Pragmatist,0.503,1554,0.0021487778602516236,1.6479873021779667e-17,7.669416800417825e-15,100.0
Pragmatist,0.503,1575,0.0020240467018817075,2.6454533008646308e-17,1.3070119866331229e-14,100.0
Pragmatist,0.503,1596,0.0018009743978757114,2.4069288229178198e-17,1.3364592110564398e-14,100.0
Pragmatist,0.503,1617,0.0028552567133032633,9.107298248878237e-18,3.1896600422810846e-15,100.0
Pragmatist,0.503,1638,0.0029286576419206233,1.133081411270687e-05,0.003868944580793023,97.5
Pragmatist,0.503,1659,0.003331177387290521,1.5178830414797062e-17,4.556596257139901e-15,100.0
Pragmatist,0.503,1680,0.00351812868965475,1.8648277366750676e-17,5.300623999794822e-15,100.0
Pragmatist,0.503,1701,0.003404080404815388,2.8189256484623115e-17,8.281019580132947e-15,100.0
Pragmatist,0.503,1722,0.002623908362113119,1.1709383462843448e-17,4.462573324555245e-15,100.0
Pragmatist,0.503,1743,0.002841799967028496,8.239936510889834e-18,2.8995483871110934e-15,100.0
Pragmatist,0.503,1764,0.0024061052261819703,4.85722573273506e-17,2.0187087746127172e-14,100.0
Pragmatist,0.503,1785,0.0028970235681378574,6.114900252818245e-17,2.110752677358703e-14,100.0
Pragmatist,0.503,1806,0.0028700941007599903,2.2551405187698492e-17,7.857374844165201e-15,100.0
Pragmatist,0.503,1827,0.00258205005935859,2.1250362580715887e-17,8.230035085375035e-15,100.0
Pragmatist,0.503,1848,0.002253191449855788,9.24224955014142e-06,0.004101848314191391,95.0
Pragmatist,0.503,1869,0.0012173908525397739,1.3877787807814457e-17,1.139961564427892e-14,100.0
Pragmatist,0.503,1890,0.0015818373258045847,1.5178830414797062e-17,9.59569619908704e-15,100.0
Pragmatist,0.503,1911,0.0011675367897786483,3.0357660829594124e-17,2.6001459735885146e-14,100.0
Pragmatist,0.503,1932,0.0010079571082650936,3.4024982112853836e-06,0.0033756378950903967,90.0
Pragmatist,0.503,1953,0.001373128420569931,1.3877787807814457e-17,1.0106693299709243e-14,100.0
Pragmatist,0.503,1974,0.0012906721468249273,1.8214596497756474e-17,1.4112489017884715e-14,100.0
Pragmatist,0.503,1995,0.0019132653795286044,1.431146867680866e-17,7.480127341422315e-15,100.0
Pragmatist,0.503,2016,0.0025235300853308517,1.431146867680866e-17,5.67120985004319e-15,100.0
Pragmatist,0.503,2037,0.002405609178157984,1.474514954580286e-17,6.129486734455126e-15,100.0
Pragmatist,0.503,2058,0.002785116017016594,1.6479873021779667e-17,5.9171226337037285e-15,100.0
Pragmatist,0.503,2079,0.0031093841888397244,8.869451848629584e-07,0.00028524785970366836,100.0
Pragmatist,0.503,2100,0.0045277059212985235,1.0756961560118641e-06,0.00023758083557320786,100.0
Pragmatist,0.503,2121,0.004816228321790324,1.6479873021779667e-17,3.42173832316439e-15,100.0
Pragmatist,0.503,2142,0.004593370119087895,2.0816681711721685e-17,4.531897315484617e-15,100.0
Pragmatist,0.503,2163,0.0047661665306577335,1.734723475976807e-17,3.639661906100907e-15,100.0
Pragmatist,0.503,2184,0.0043954792096460625,1.8214596497756474e-17,4.143938721808485e-15,100.0
Pragmatist,0.503,2205,0.004360903457269924,1.734723475976807e-17,3.97789928847176e-15,100.0
Pragmatist,0.503,2226,0.004488002245828246,1.5612511283791264e-17,3.4787218073038252e-15,100.0
Pragmatist,0.503,2247,0.0038223128624608397,2.2985086056692694e-17,6.0133973548922644e-15,100.0
Pragmatist,0.503,2268,0.00354387410097216,6.033311990426456e-07,0.00017024622823850853,100.0
Analyst,0.6,252,0.006664771830833464,0.0006713907979314362,0.10073725177287507,7.5
Analyst,0.6,273,0.007401988325918052,0.0020101542278310866,0.27156949448198053,30.0
Analyst,0.6,294,0.00766179727728652,0.0020526086916716453,0.2679017229751857,22.5
Analyst,0.6,315,0.007597104943705324,0.0019647817896964624,0.25862243634325555,25.0
Analyst,0.6,336,0.0074701389938827785,0.001176321633211826,0.1574698454975341,17.5
Analyst,0.6,357,0.007614508606830698,0.001339858759288986,0.17596129027775312,12.5
Analyst,0.6,378,0.007612532002330474,0.001302019325400085,0.17103630237633016,12.5
Analyst,0.6,399,0.006871823038017512,0.0013103980940147699,0.19069147834063163,42.5
Analyst,0.6,420,0.00688913908712471,0.0009544734517702496,0.1385475659148891,42.5
Analyst,0.6,441,0.007533874753239366,0.0005543955568729515,0.07358704186508756,57.49999999999999
Analyst,0.6,462,0.00675736028562922,0.0005359455087666542,0.07931285089333502,10.0
Analyst,0.6,483,0.0065006050249777104,0.0005594923524278031,0.08606773527664396,35.0
Analyst,0.6,504,0.006280255348090938,0.0012682155409138073,0.2019369389652791,10.0
Analyst,0.6,525,0.004956496800308902,0.0012165594551951163,0.2454474408455781,5.0
Analyst,0.6,546,0.004997826099742132,0.0008049768697855402,0.16106540198088803,7.5
Analyst,0.6,567,0.004712705706130886,0.0009234921722515083,0.19595795490690465,5.0
Analyst,0.6,588,0.004362815194384282,0.0007929360927280108,0.18174872356469748,2.5
Analyst,0.6,609,0.004787327434548302,0.0012843832580461609,0.2682881577677893,7.5
Analyst,0.6,630,0.004603027574568059,0.001237817780751113,0.26891383132052343,2.5
Analyst,0.6,651,0.005188510179050358,0.00128983444048198,0.24859437410182658,37.5
Analyst,0.6,672,0.005386999286062006,0.0008023218843187198,0.14893669772606033,2.5
Analyst,0.6,693,0.008079210034003106,0.0007741246602174763,0.09581687528352463,95.0
Analyst,0.6,714,0.008224647828888688,1.2136784632854614e-12,1.475660099417841e-10,100.0
Analyst,0.6,735,0.008362904799772777,3.803060297236094e-12,4.547535082952785e-10,100.0
Analyst,0.6,756,0.008603829613700223,1.540857719195543e-12,1.790897528633033e-10,100.0
Analyst,0.6,777,0.00861012180179128,1.037493008171353e-12,1.204969026054323e-10,100.0
Analyst,0.6,798,0.008446450226631706,8.777787524616443e-13,1.0392279939021044e-10,100.0
Analyst,0.6,819,0.008521241317612963,1.3638784546188276e-11,1.6005631149064653e-09,100.0
Analyst,0.6,840,0.008448955496845453,0.0003588720967507165,0.04247532098905088,72.5
Analyst,0.6,861,0.008090139916837106,0.0008290922512863988,0.1024818185852264,35.0
Analyst,0.6,882,0.007824423538523912,0.0017924597742240153,0.22908521827822287,62.5
Analyst,0.6,903,0.008146147641597112,0.0018958235718755535,0.23272639476785414,65.0
Analyst,0.6,924,0.00824462819374477,4.774682003956879e-05,0.0057912641925799,90.0
Analyst,0.6,945,0.006102467021848806,0.001581601948415605,0.2591741901681661,12.5
Analyst,0.6,966,0.00611039442524563,0.001566697057944242,0.2563986788596323,12.5
Analyst,0.6,987,0.006471290344186275,0.0013114376099924137,0.2026547319377491,10.0
Analyst,0.6,1008,0.00646566384599884,0.0009222315969509695,0.14263525276243302,2.5
Analyst,0.6,1029,0.006656320432643744,0.0010160821385533187,0.15264922246986137,37.5
Analyst,0.6,1050,0.006795650460888131,0.000834509505763993,0.1228005340426132,27.500000000000004
Analyst,0.6,1071,0.007114185784919756,0.0013326761124229222,0.18732658279009984,10.0
Analyst,0.6,1092,0.007692075547481031,0.0019442216959250002,0.25275644836349614,15.0
Analyst,0.6,1113,0.007751295550867514,0.0018779064953408876,0.2422700157692626,7.5
Analyst,0.6,1134,0.007632158721707871,0.0015609788288416648,0.2045265154669582,7.5
Analyst,0.6,1155,0.007278294213213709,0.002282120282884514,0.31355152952478005,25.0
Analyst,0.6,1176,0.01195881235071413,0.0008365783162123022,0.06995496640285899,15.0
Analyst,0.6,1197,0.011245525433676523,0.000391637936663752,0.03482611274800283,10.0
Analyst,0.6,1218,0.01244335793530657,0.0007021712249112785,0.056429400211895374,17.5
Analyst,0.6,1239,0.013094386074033439,0.0002683639898463531,0.020494583581778372,15.0
Analyst,0.6,1260,0.013207365476039299,0.00018264170300827907,0.013828776324818621,12.5
Analyst,0.6,1281,0.014038203923646112,0.0004404215782972225,0.03137307170437746,30.0
Analyst,0.6,1302,0.013893481954040242,0.0005027265990632888,0.03618434894336155,30.0
Analyst,0.6,1323,0.014455214421347753,0.0005190411615421907,0.035906846236446015,37.5
Analyst,0.6,1344,0.015574366211407824,0.00047822676676629455,0.030706017842061895,25.0
Analyst,0.6,1365,0.015329711124219639,0.00042460477340960576,0.027698158821712324,45.0
Analyst,0.6,1386,0.015409512355364181,0.0005765210389892458,0.03741332144028257,25.0
Analyst,0.6,1407,0.015757044452005396,0.0004399890976927341,0.02792332654977925,47.5
Analyst,0.6,1428,0.008827928994570118,0.0006544351675808937,0.07413235516318988,55.00000000000001
Analyst,0.6,1449,0.010170693028179576,0.000819477470588038,0.08057243182126735,57.49999999999999
Analyst,0.6,1470,0.014841810234855979,0.005574365147757776,0.37558525944944265,32.5
Analyst,0.6,1491,0.014191640100003273,0.005683884202229076,0.40050932536175043,62.5
Analyst,0.6,1512,0.014309855274297756,0.0057208068511934145,0.3997809021499107,60.0
Analyst,0.6,1533,0.013738683774031474,0.007128654187469055,0.518874610167785,25.0
Analyst,0.6,1554,0.013725106200206326,0.007113328575408093,0.518271295802517,17.5
Analyst,0.6,1575,0.015259092501952108,0.00018627723412925797,0.01220762205258454,87.5
Analyst,0.6,1596,0.01512137930985158,0.0002750793311203231,0.01819141795756085,87.5
Analyst,0.6,1617,0.017278700978707043,0.004996190129740534,0.2891531102886414,45.0
Analyst,0.6,1638,0.017209742782794323,0.001017431621859726,0.059119513562801033,32.5
Analyst,0.6,1659,0.01767448849413464,0.0011510501364736248,0.06512494756810676,35.0
Analyst,0.6,1680,0.017921077779542258,0.0014879025227472788,0.08302528123870924,50.0
Analyst,0.6,1701,0.018066613241305377,0.0018623725095157674,0.10308365406626728,72.5
Analyst,0.6,1722,0.013505011831892871,0.0032101678443335283,0.23770196459602724,55.00000000000001
Analyst,0.6,1743,0.013554745701585677,0.0032417803431256404,0.2391620185649375,27.500000000000004
Analyst,0.6,1764,0.013267683651884117,0.0032035945877646396,0.24145846945255614,17.5
Analyst,0.6,1785,0.01522637115082427,0.004855845120485831,0.3189102033824364,7.5
Analyst,0.6,1806,0.015366382538882478,0.005037672151298481,0.32783722119056696,20.0
Analyst,0.6,1827,0.014863198019898487,0.006774606105070772,0.45579733890385465,40.0
Analyst,0.6,1848,0.01447960733078334,0.007515873789896034,0.5190661333693384,47.5
Analyst,0.6,1869,0.01057878535702661,0.004852465337234671,0.4586977780026117,12.5
Analyst,0.6,1890,0.011242921406537905,0.005139477372787712,0.4571300631701507,20.0
Analyst,0.6,1911,0.010735336226924805,0.004989682595217652,0.46479052819074795,2.5
Analyst,0.6,1932,0.010681791859565729,0.0041498031772017035,0.3884931696628673,5.0
Analyst,0.6,1953,0.010659192964238548,0.003983104714110356,0.3736778879483297,2.5
Analyst,0.6,1974,0.010075185193462592,0.003599960473901152,0.35730960818834684,2.5
Analyst,0.6,1995,0.012081624424479475,0.002875166252870218,0.2379784499048514,7.5
Analyst,0.6,2016,0.01275554065496268,0.0031551439241599335,0.24735477777905013,12.5
Analyst,0.6,2037,0.01265254130715128,0.001618837578679885,0.12794564660025332,27.500000000000004
Analyst,0.6,2058,0.012568490511825814,0.0027092456743737295,0.21555855667986334,27.500000000000004
Analyst,0.6,2079,0.013037434090158347,0.0027993722993259595,0.2147180403726175,27.500000000000004
Analyst,0.6,2100,0.013909693703657149,0.0005425412483097605,0.039004543153032555,22.5
Analyst,0.6,2121,0.014011295044621392,0.0004310754835276775,0.03076628406973396,22.5
Analyst,0.6,2142,0.01430749902529301,0.0016542283887240015,0.11561967509483187,17.5
Analyst,0.6,2163,0.014400325308570485,0.0014900466402870786,0.10347312358285848,15.0
Analyst,0.6,2184,0.013876784323327042,0.0014723625969717026,0.10610257842637529,17.5
Analyst,0.6,2205,0.013904567081755024,0.001692871651836592,0.12174932465591866,45.0
Analyst,0.6,2226,0.013967152751152897,0.001677338896497153,0.12009168413789272,40.0
Analyst,0.6,2247,0.013234616357298919,0.004383590728947437,0.3312215942345678,67.5
Analyst,0.6,2268,0.013180250420552533,0.004671932448313218,0.35446461935412643,95.0
Strategist,0.647,252,0.010924546650588278,0.0015533288828487504,0.14218703370771957,12.5
Strategist,0.647,273,0.011595219438229842,0.0022202752224625318,0.19148194946118977,15.0
Strategist,0.647,294,0.011820814278091684,0.0014595261707512578,0.1234708655778728,5.0
Strategist,0.647,315,0.011767999724766326,0.0022244809853825005,0.1890279603508974,12.5
Strategist,0.647,336,0.011592065631028488,0.001741957266722969,0.15027151520435417,10.0
Strategist,0.647,357,0.011725834332342311,0.002021968659048903,0.17243708223575097,10.0
Strategist,0.647,378,0.011727768117063471,0.0017807736069268467,0.15184249800572766,22.5
Strategist,0.647,399,0.010730365581225454,0.0020336684594268063,0.1895246200171451,12.5
Strategist,0.647,420,0.010752107619816214,0.0015666971205082914,0.14571069932567052,30.0
Strategist,0.647,441,0.011310848213020475,0.0011718126279493292,0.10360077386595976,37.5
Strategist,0.647,462,0.01010862035109307,0.0012625005308166785,0.12489345597791307,22.5
Strategist,0.647,483,0.009701377975236328,0.0009140418561397867,0.0942177346839762,45.0
Strategist,0.647,504,0.009349588607993283,0.0019813113143887446,0.21191427745760424,10.0
Strategist,0.647,525,0.007314278017405827,0.0016384282247901907,0.2240040945792892,2.5
Strategist,0.647,546,0.007040119447556184,0.0016211784730814924,0.23027712600021968,7.5
Strategist,0.647,567,0.006726567257130399,0.001811898665002881,0.26936453554109707,2.5
Strategist,0.647,588,0.006401276083746034,0.0014498836859357838,0.22649916469269205,2.5
Strategist,0.647,609,0.006773158984051239,0.0018008474281731067,0.26587998781861805,2.5
Strategist,0.647,630,0.00656137462896693,0.0018507589504414721,0.2820687820919119,5.0
Strategist,0.647,651,0.007415335639074314,0.0017807908691958724,0.2401497323751856,5.0
Strategist,0.647,672,0.0077206512854418345,0.0018292236100685725,0.23692607559128873,5.0
Strategist,0.647,693,0.012567461649175993,0.0010585775352641175,0.08423161055228086,42.5
Strategist,0.647,714,0.012855938966038555,6.160511510644451e-11,4.791957652349339e-09,100.0
Strategist,0.647,735,0.013007372519768648,0.0006905643355900205,0.053090225142741046,82.5
Strategist,0.647,756,0.013275703584553147,0.000661672170171157,0.049840836378799616,75.0
Strategist,0.647,777,0.01332960088772016,4.833255323744012e-12,3.6259565192207883e-10,100.0
Strategist,0.647,798,0.013152716044919119,5.259003822699615e-11,3.998416604402528e-09,100.0
Strategist,0.647,819,0.013237285148716457,0.005456838484569567,0.41223244972543976,97.5
Strategist,0.647,840,0.013221381305028297,0.00433135341350749,0.3276021857005371,65.0
Strategist,0.647,861,0.012958053184122268,0.00425396567665496,0.32828740677399126,32.5
Strategist,0.647,882,0.012597013725991963,0.006571324213041254,0.5216573035466617,17.5
Strategist,0.647,903,0.012976923748125918,0.005991291419244596,0.461688111568802,47.5
Strategist,0.647,924,0.01307395407520691,0.006203553966062124,0.4744971513879167,72.5
Strategist,0.647,945,0.009748756500445974,0.0034180301946901363,0.3506119159437178,20.0
Strategist,0.647,966,0.009773960875034337,0.0035093823712389156,0.35905426838805377,12.5
Strategist,0.647,987,0.010157272312937882,0.0029876140709972675,0.2941354705231027,2.5
Strategist,0.647,1008,0.010176860087599875,0.0033615842292446883,0.33031644341270383,32.5
Strategist,0.647,1029,0.010817105778188136,0.0036504014114461083,0.3374656295593284,10.0
Strategist,0.647,1050,0.01084657188881791,0.0034179388862678583,0.315116971638894,7.5
Strategist,0.647,1071,0.011069805144998291,0.0033986136037461746,0.30701656977962094,5.0
Strategist,0.647,1092,0.011744892431189513,0.004367587748000755,0.37187124306070884,12.5
Strategist,0.647,1113,0.011725531176669142,0.003968616488987262,0.33845942066009005,17.5
Strategist,0.647,1134,0.011466071118102278,0.003685538225475132,0.3214299115637368,12.5
Strategist,0.647,1155,0.011099988189688863,0.0038411935719883964,0.3460538431524283,20.0
Strategist,0.647,1176,0.02194789316484456,0.0006451386921948951,0.02939410572802759,20.0
Strategist,0.647,1197,0.021330377685792313,0.00025595541176796216,0.01199957241912544,17.5
Strategist,0.647,1218,0.022542849826381613,0.000360615172717578,0.015996875971535533,17.5
Strategist,0.647,1239,0.02339585240224355,0.0005696640558877399,0.024348933567092935,17.5
Strategist,0.647,1260,0.02360698297536922,0.00047025308371433094,0.019920083994002035,17.5
Strategist,0.647,1281,0.024395694045845184,0.0006950802585415118,0.028491923912281173,20.0
Strategist,0.647,1302,0.024281243888282684,0.0007747812956667537,0.031908632820933744,5.0
Strategist,0.647,1323,0.024985697184251095,0.0008684918662692255,0.034759561034648674,20.0
Strategist,0.647,1344,0.026210674709797616,0.0007500975664872442,0.028618018223195752,20.0
Strategist,0.647,1365,0.025995838633985614,0.0008044860523070511,0.0309467243443844,20.0
Strategist,0.647,1386,0.026075319346793985,0.000925050944852731,0.03547611181860628,20.0
Strategist,0.647,1407,0.026305674809121018,0.0008716278303253742,0.033134593073550545,20.0
Strategist,0.647,1428,0.013554682686997678,0.001426771397286657,0.10526040559070311,70.0
Strategist,0.647,1449,0.0154726411410536,0.0024961489711065234,0.16132662474045784,92.5
Strategist,0.647,1470,0.025318110749787827,0.011890969294308147,0.4696625831138604,42.5
Strategist,0.647,1491,0.024743399809764654,0.012008505303783956,0.48532155629821566,52.5
Strategist,0.647,1512,0.02499319868687301,0.012407324994475867,0.4964280542847232,65.0
Strategist,0.647,1533,0.02416351078477248,0.014506244320166083,0.6003367825716669,37.5
Strategist,0.647,1554,0.02402609503932886,0.014370425961801228,0.5981174193425087,25.0
Strategist,0.647,1575,0.026389350828123707,0.00026850443243576355,0.010174726698832338,92.5
Strategist,0.647,1596,0.026363303279135462,0.000451856996094048,0.017139619846184385,85.0
Strategist,0.647,1617,0.029211832943911335,0.008630213042015736,0.2954355195234178,40.0
Strategist,0.647,1638,0.029099360658735248,0.008457236737556079,0.2906330773634137,25.0
Strategist,0.647,1659,0.029544808617950103,0.008583663546355643,0.2905303485750317,25.0
Strategist,0.647,1680,0.0297803194807185,0.008644425158988781,0.29027308335579416,32.5
Strategist,0.647,1701,0.03000981365232643,0.008891834142506272,0.29629754604680647,45.0
Strategist,0.647,1722,0.022011244008612676,0.0049245822237648645,0.2237302999247997,20.0
Strategist,0.647,1743,0.022086651387204188,0.004934362493278645,0.22340926230842525,12.5
Strategist,0.647,1764,0.0218164375730536,0.004934571446273656,0.2261859402915787,5.0
Strategist,0.647,1785,0.024757485646427765,0.007684795428020284,0.31040290350038496,12.5
Strategist,0.647,1806,0.024929879715861063,0.007448621517749478,0.29878289035668565,22.5
Strategist,0.647,1827,0.024357160892082074,0.013405323198591456,0.5503647677980894,35.0
Strategist,0.647,1848,0.023962741456619405,0.01323476541285581,0.5523059803827192,32.5
Strategist,0.647,1869,0.017410146841549106,0.007877800179123479,0.4524832702917361,7.5
Strategist,0.647,1890,0.018178501081931378,0.008253757311571899,0.45403948732471494,15.0
Strategist,0.647,1911,0.017610436918097456,0.00727615665567264,0.4131729774515282,12.5
Strategist,0.647,1932,0.017811234084817395,0.007211505449837246,0.4048852210630626,2.5
Strategist,0.647,1953,0.017783590439133665,0.00730198023125787,0.4106021366298171,7.5
Strategist,0.647,1974,0.017016771588635154,0.006838078059044107,0.40184344153805274,7.5
Strategist,0.647,1995,0.01953994756751702,0.005888275478192021,0.3013455106696714,5.0
Strategist,0.647,2016,0.020327803753089877,0.004514940089818759,0.22210663506294803,7.5
Strategist,0.647,2037,0.01995099318061168,0.01082552338283018,0.5426057382120903,25.0
Strategist,0.647,2058,0.019659308550103154,0.008997429817156701,0.457667663856341,32.5
Strategist,0.647,2079,0.020216038804854418,0.009882692402094578,0.48885404789198744,30.0
Strategist,0.647,2100,0.021004786611719856,0.0038366176750708712,0.18265444662647454,22.5
Strategist,0.647,2121,0.021079308413711428,0.008382440223538044,0.3976620133365253,22.5
Strategist,0.647,2142,0.022043643778361634,0.001635337476591725,0.07418635018031804,47.5
Strategist,0.647,2163,0.02219183699671953,0.0013531449362673004,0.06097489524942558,47.5
Strategist,0.647,2184,0.02151249741650189,0.000992379118291982,0.04613035386262238,42.5
Strategist,0.647,2205,0.021103757984094088,0.0022323536862966092,0.10577991313107055,37.5
Strategist,0.647,2226,0.021528692550430512,0.002446973754544276,0.11366104786959501,35.0
Strategist,0.647,2247,0.021822622245507607,0.009202103036382657,0.4216772362577553,72.5
Strategist,0.647,2268,0.021756762750448487,0.012257773090602032,0.5634005955389367,82.5
Adventurer,0.693,252,0.0158004568280357,0.0024965922858893545,0.1580076014928569,20.0
Adventurer,0.693,273,0.016436784797346057,0.0030454938888490515,0.1852852565996233,12.5
Adventurer,0.693,294,0.016640026282901114,0.0030005278273128495,0.18031989711435245,15.0
Adventurer,0.693,315,0.016603879072160425,0.0029138701755890267,0.17549333881109064,15.0
Adventurer,0.693,336,0.01635434271995296,0.002500866263461521,0.1529175648502439,10.0
Adventurer,0.693,357,0.01646823165776762,0.0025692999145441806,0.15601553147525168,12.5
Adventurer,0.693,378,0.016476417948225602,0.0025197172456884534,0.1529287041398346,15.0
Adventurer,0.693,399,0.015260307540283149,0.002729784719830937,0.178881370026458,17.5
Adventurer,0.693,420,0.015284323077170953,0.0017014523684186229,0.11132009967519953,22.5
Adventurer,0.693,441,0.01576227045241987,0.0016383755537207542,0.10394286525322409,25.0
Adventurer,0.693,462,0.01394015605314643,0.001703039265952517,0.12216787670523417,30.0
Adventurer,0.693,483,0.01345002879976123,0.0043545062701301936,0.32375441978291497,40.0
Adventurer,0.693,504,0.012939769863226702,0.004022313802997057,0.31084894441809185,5.0
Adventurer,0.693,525,0.01044180938335805,0.0024374626021515366,0.2334329724536359,2.5
Adventurer,0.693,546,0.00930091777924453,0.002073343532807961,0.22291816592925187,5.0
Adventurer,0.693,567,0.008871250364402535,0.002034442667596002,0.22932986715824907,5.0
Adventurer,0.693,588,0.008947435682659462,0.002278557502827549,0.2546603947367286,17.5
Adventurer,0.693,609,0.009271361305066528,0.0025977753966349108,0.28019352403139575,30.0
Adventurer,0.693,630,0.00898283968346568,0.002493569924908517,0.27759261133184004,25.0
Adventurer,0.693,651,0.01008372986378874,0.00338574740725693,0.3357633983646613,7.5
Adventurer,0.693,672,0.010596670132313586,0.0028082509441522616,0.2650125849995797,2.5
Adventurer,0.693,693,0.01862810320463592,0.0014096260806101477,0.07567201368410598,30.0
Adventurer,0.693,714,0.019043348149261497,3.0461497907419144e-11,1.5995873030657396e-09,100.0
Adventurer,0.693,735,0.019198623117537048,0.008990095005547503,0.46826769557945386,77.5
Adventurer,0.693,756,0.019479215010582633,0.008939546310572071,0.45892744167131017,75.0
Adventurer,0.693,777,0.019569875052520263,0.008952067192881503,0.4574412033217673,80.0
Adventurer,0.693,798,0.019386943592668168,0.009005782855911859,0.46452824360193123,95.0
Adventurer,0.693,819,0.019477151799717065,0.008960575600668352,0.460055745974035,90.0
Adventurer,0.693,840,0.0195117451196371,0.007435479891242627,0.3810771330627611,57.49999999999999
Adventurer,0.693,861,0.01932712847923104,0.009520221021746992,0.492583315311296,45.0
Adventurer,0.693,882,0.01900910583154355,0.009600342309234755,0.5050391319987302,17.5
Adventurer,0.693,903,0.019326479252046714,0.00951429544600042,0.4922932584833234,67.5
Adventurer,0.693,924,0.01939396226673405,0.010068039316146353,0.5191326649849058,60.0
Adventurer,0.693,945,0.014060231005928703,0.0053107005281450015,0.37771075922619385,12.5
Adventurer,0.693,966,0.014099301694350983,0.00467119464634457,0.3313068084936524,7.5
Adventurer,0.693,987,0.014496466079247263,0.005475843864648871,0.37773646588860277,2.5
Adventurer,0.693,1008,0.014566566750775766,0.005324851534259278,0.36555295598228005,30.0
Adventurer,0.693,1029,0.015745016470027608,0.005389941054523523,0.34232679684926826,12.5
Adventurer,0.693,1050,0.015760263782022384,0.005272359625672348,0.33453498612672267,12.5
Adventurer,0.693,1071,0.016001457575740948,0.006334340610840202,0.39586022591113174,12.5
Adventurer,0.693,1092,0.016700298463706697,0.006751520166528887,0.4042754194603993,12.5
Adventurer,0.693,1113,0.016478306923181255,0.006121266540418169,0.37147423997831536,15.0
Adventurer,0.693,1134,0.016249041327894086,0.005856135725709002,0.3603988449248391,15.0
Adventurer,0.693,1155,0.015942086295935853,0.006176856492744305,0.3874559689417177,20.0
Adventurer,0.693,1176,0.03503911246647407,0.0008199497301480049,0.023400984569245144,20.0
Adventurer,0.693,1197,0.0345026641376395,0.0004672532390581005,0.013542526374024741,20.0
Adventurer,0.693,1218,0.0358519196488904,0.00044358194211301105,0.012372613418114131,20.0
Adventurer,0.693,1239,0.036705586530929306,0.0006403812612898255,0.01744642496722453,20.0
Adventurer,0.693,1260,0.036970303540570654,0.0006333334367866067,0.017130869268941657,20.0
Adventurer,0.693,1281,0.037798363689304816,0.000816835880257126,0.02161035030435068,20.0
Adventurer,0.693,1302,0.03768320900707326,0.0008907455904432968,0.023637731868220165,17.5
Adventurer,0.693,1323,0.038457077059826664,0.0011564981598840493,0.030072440453155488,20.0
Adventurer,0.693,1344,0.03969389756088532,0.001128123482245412,0.028420577256617743,20.0
Adventurer,0.693,1365,0.039514737698820065,0.0010934160476931201,0.027671094669211742,20.0
Adventurer,0.693,1386,0.039584416411727594,0.0011312578251752442,0.028578363096445417,20.0
Adventurer,0.693,1407,0.0397209366264625,0.0010261180858425895,0.025833179501587557,20.0
Adventurer,0.693,1428,0.018955199724391688,0.005121470264284668,0.2701881456671925,55.00000000000001
Adventurer,0.693,1449,0.02173802278246836,0.003953271458329053,0.1818597532024556,90.0
Adventurer,0.693,1470,0.039952012545597854,0.02139823300086693,0.5355983750867317,50.0
Adventurer,0.693,1491,0.039406222749132414,0.021543733286245578,0.546708915071539,55.00000000000001
Adventurer,0.693,1512,0.039683234646281,0.02198480434755192,0.5540073671794866,60.0
Adventurer,0.693,1533,0.038628479813668494,0.021296028854207893,0.5513038296338133,60.0
Adventurer,0.693,1554,0.03845923669345988,0.021202362731481003,0.5512944237680758,55.00000000000001
Adventurer,0.693,1575,0.04162205853409177,0.00031264838790329846,0.007511603195868235,82.5
Adventurer,0.693,1596,0.04178019804430613,0.0006600459917709064,0.015798057995583353,92.5
Adventurer,0.693,1617,0.04525657326798669,0.01334125948191412,0.2947916406068547,37.5
Adventurer,0.693,1638,0.045112131356866515,0.013162251218097866,0.29176744308478436,15.0
Adventurer,0.693,1659,0.04552929820754289,0.013249153897174536,0.2910028139853808,15.0
Adventurer,0.693,1680,0.04574914905117766,0.01400937673845315,0.3062215807070301,17.5
Adventurer,0.693,1701,0.04603321016544943,0.013575443707358685,0.29490543150405435,32.5
Adventurer,0.693,1722,0.03329774571990902,0.008625269669355076,0.2590346428226206,5.0
Adventurer,0.693,1743,0.03297057466740646,0.008126032725629354,0.246463181415593,5.0
Adventurer,0.693,1764,0.032856760940737056,0.008187586283311229,0.24919030509668863,5.0
Adventurer,0.693,1785,0.03717289945397515,0.01225552533278321,0.3296897877970787,17.5
Adventurer,0.693,1806,0.037422406623599955,0.02186800155767513,0.5843558319919585,10.0
Adventurer,0.693,1827,0.036851320433766994,0.02075694047015164,0.5632617834538157,30.0
Adventurer,0.693,1848,0.0364587297946344,0.020430118732098167,0.5603628773459038,30.0
Adventurer,0.693,1869,0.0262647465965262,0.012831749464868066,0.48855409351503915,7.5
Adventurer,0.693,1890,0.02709494861278206,0.012456514249496786,0.459735666138906,7.5
Adventurer,0.693,1911,0.02669680854443939,0.011828788782776508,0.44307875838740646,2.5
Adventurer,0.693,1932,0.026934220009577188,0.011813637717495822,0.4386107232099227,2.5
Adventurer,0.693,1953,0.026843591547235552,0.011581588516842727,0.4314470549316431,5.0
Adventurer,0.693,1974,0.02601698119684908,0.011233609135047562,0.43177988445515986,5.0
Adventurer,0.693,1995,0.02874352786135878,0.007842129069884303,0.2728311259393747,2.5
Adventurer,0.693,2016,0.029570298515724857,0.008201695918548715,0.27736263515186454,2.5
Adventurer,0.693,2037,0.028948155712556232,0.016340969774021406,0.5644908759052145,25.0
Adventurer,0.693,2058,0.0284677483398299,0.015650178302087918,0.5497511821190081,25.0
Adventurer,0.693,2079,0.029117849497876356,0.01612209828048198,0.5536843743099162,27.500000000000004
Adventurer,0.693,2100,0.029818427117617532,0.015316301636951848,0.5136522317739075,25.0
Adventurer,0.693,2121,0.029871882479698287,0.014156758125549035,0.47391583490495914,25.0
Adventurer,0.693,2142,0.03405138802281277,0.005083230867846827,0.149281164821866,72.5
Adventurer,0.693,2163,0.03421275541028395,0.004657984764376462,0.13614760660219513,60.0
Adventurer,0.693,2184,0.03337250351760436,0.0046107545302419735,0.13816028299494373,62.5
Adventurer,0.693,2205,0.03292806873632212,0.004293744086486584,0.1303976896085091,57.49999999999999
Adventurer,0.693,2226,0.03339373520114359,0.004472038938563287,0.13391850033026972,55.00000000000001
Adventurer,0.693,2247,0.033679777783793115,0.01767502530568525,0.5247963754140493,92.5
Adventurer,0.693,2268,0.03361206894160977,0.01832186910519684,0.5450979270875955,92.5
Innovator,0.738,252,0.02138396188257385,0.0026534796124617933,0.12408737104157291,12.5
Innovator,0.738,273,0.021949384697775392,0.003972436554662541,0.180981681689927,10.0
Innovator,0.738,294,0.022127976796963104,0.003991494902963039,0.180382279843625,10.0
Innovator,0.738,315,0.02210638474066673,0.003984588265593315,0.18024603807167522,10.0
Innovator,0.738,336,0.021811761026667913,0.003465730672333453,0.1588927491043073,7.5
Innovator,0.738,357,0.021919609206772245,0.0045989449667854405,0.209809624040403,7.5
Innovator,0.738,378,0.021927101148710788,0.003477954341114156,0.15861441590142178,7.5
Innovator,0.738,399,0.020554013120624555,0.0035236798677213445,0.17143512787707482,22.5
Innovator,0.738,420,0.020578425427402548,0.002753006815876563,0.1337812178870895,25.0
Innovator,0.738,441,0.020980109659381813,0.0027152418500547316,0.1294198121047732,25.0
Innovator,0.738,462,0.01833903061987817,0.0026827413670675662,0.14628588733363423,17.5
Innovator,0.738,483,0.017818374984230043,0.004837231264633656,0.2714743218118821,42.5
Innovator,0.738,504,0.017112271656499946,0.004902502635334271,0.2864904633203446,2.5
Innovator,0.738,525,0.01274106826197385,0.003197721914879664,0.25097753572385867,7.5
Innovator,0.738,546,0.012022119218990095,0.002712614151552979,0.22563527296153774,5.0
Innovator,0.738,567,0.012077209352918667,0.0032124609358873592,0.2659936448904078,12.5
Innovator,0.738,588,0.012144994011838677,0.0034034699387398733,0.2802364443673043,15.0
Innovator,0.738,609,0.012574230187612636,0.0038685284556931997,0.3076552916538969,27.500000000000004
Innovator,0.738,630,0.012285275545582668,0.003674243070956932,0.29907697693260565,27.500000000000004
Innovator,0.738,651,0.013625303362423897,0.005310590049562143,0.38975939898760587,2.5
Innovator,0.738,672,0.014092686135079817,0.005276560856323366,0.374418390202336,7.5
Innovator,0.738,693,0.02657361280265406,0.01362844884938476,0.5128564546565384,30.0
Innovator,0.738,714,0.027088867047733427,0.01420528612877327,0.5243957269878458,95.0
Innovator,0.738,735,0.02723981198635379,0.0010276208794493466,0.03772496227081704,75.0
Innovator,0.738,756,0.027518231717526993,0.000989960402749037,0.035974709890916015,77.5
Innovator,0.738,777,0.02763386171602637,0.014052723855346675,0.5085327559266442,72.5
Innovator,0.738,798,0.02745256220419712,0.013518108817121613,0.49241701800259935,85.0
Innovator,0.738,819,0.027543912574021494,0.013583126059674669,0.49314439345432076,77.5
Innovator,0.738,840,0.027619682210325097,0.012656396242539301,0.45823830072193755,60.0
Innovator,0.738,861,0.027498250143304134,0.013260611000553028,0.4822347215348904,37.5
Innovator,0.738,882,0.027222810236039893,0.01522449679252882,0.5592551489182158,17.5
Innovator,0.738,903,0.027466218534680654,0.01477468361327129,0.5379220148057805,50.0
Innovator,0.738,924,0.027504963829828644,0.014741561523938759,0.535960040345583,40.0
Innovator,0.738,945,0.019148387063295098,0.00686691067020739,0.3586156185118245,7.5
Innovator,0.738,966,0.019196976508069577,0.00807590150486389,0.42068611697624003,5.0
Innovator,0.738,987,0.01959563876258143,0.008485479430961427,0.43302897822166186,2.5
Innovator,0.738,1008,0.01966590751992446,0.008324528559509393,0.4232974527656768,27.500000000000004
Innovator,0.738,1029,0.021474705183613652,0.007818024319773867,0.36405735272861567,22.5
Innovator,0.738,1050,0.0214792210148835,0.008951285827413058,0.4167416416643082,20.0
Innovator,0.738,1071,0.021730642909309046,0.00894503893855514,0.41163250327597234,17.5
Innovator,0.738,1092,0.022439811303618752,0.00940279934989594,0.41902310240815616,25.0
Innovator,0.738,1113,0.02209624246688266,0.00918362150819391,0.41561914981509235,22.5
Innovator,0.738,1134,0.02188369094488107,0.008493286652346133,0.38811033631110764,22.5
Innovator,0.738,1155,0.021639199568887046,0.008595411344827627,0.39721484694776577,30.0
Innovator,0.738,1176,0.05161047393066162,0.001055038108212246,0.020442325517678515,17.5
Innovator,0.738,1197,0.05115346843674337,0.0006639905490357367,0.012980362218386632,17.5
Innovator,0.738,1218,0.05256518136903297,0.0006264499497100548,0.011917583719764485,17.5
Innovator,0.738,1239,0.05338871105659861,0.0008217189271250563,0.015391248652808512,17.5
Innovator,0.738,1260,0.05368202534417689,0.0008403387255846301,0.01565400560423872,17.5
Innovator,0.738,1281,0.054542564470045296,0.0010329713921153894,0.018938812323038016,17.5
Innovator,0.738,1302,0.054443229127197484,0.00110183117582046,0.02023816723372921,17.5
Innovator,0.738,1323,0.05521808299286251,0.0013709665984996816,0.024828217934999532,20.0
Innovator,0.738,1344,0.05642591725400208,0.0012038895717414108,0.021335755452978895,20.0
Innovator,0.738,1365,0.056279214513002156,0.0012564549933063301,0.02232538254449255,20.0
Innovator,0.738,1386,0.05633900856376567,0.0012151783444268316,0.021569040268989953,20.0
Innovator,0.738,1407,0.05640355523104639,0.0011770880021262642,0.020869039146637975,20.0
Innovator,0.738,1428,0.025105862204254033,0.007025808241973196,0.27984731951499026,45.0
Innovator,0.738,1449,0.029308739807120676,0.0061809522429856,0.21089109540915552,90.0
Innovator,0.738,1470,0.05942626871939631,0.035064212955803226,0.5900456769610123,50.0
Innovator,0.738,1491,0.05892430832710806,0.03520875516732918,0.597525132953176,55.00000000000001
Innovator,0.738,1512,0.05919216952748177,0.035614626488539344,0.6016780052639255,55.00000000000001
Innovator,0.738,1533,0.05796310721876691,0.034748961301952534,0.5995013547289912,52.5
Innovator,0.738,1554,0.05777457657335753,0.034534914798551926,0.5977527979751138,50.0
Innovator,0.738,1575,0.061829645805873724,0.000412137965436557,0.006665701542760649,85.0
Innovator,0.738,1596,0.0620741103278852,0.0008234767165120963,0.013266025274665442,92.5
Innovator,0.738,1617,0.06603062098880476,0.019164111659491445,0.2902306743827329,12.5
Innovator,0.738,1638,0.06586691967441378,0.01898611961960793,0.2882496967135864,10.0
Innovator,0.738,1659,0.06624731463576193,0.019036072712429103,0.2873485939330885,10.0
Innovator,0.738,1680,0.06644719750221607,0.02000488780536166,0.3010644324720313,10.0
Innovator,0.738,1701,0.06675816403836903,0.019455399050460176,0.29143100818767653,17.5
Innovator,0.738,1722,0.04815988744168401,0.011219636501124043,0.23296641867590973,2.5
Innovator,0.738,1743,0.04835240530687463,0.011275392721207908,0.2331919715192493,2.5
Innovator,0.738,1764,0.04784582788178151,0.01080424481358723,0.22581372905245967,10.0
Innovator,0.738,1785,0.053095935854928555,0.015108040550840612,0.28454231585859185,12.5
Innovator,0.738,1806,0.05348684986447479,0.03097134200291661,0.5790459165456917,17.5
Innovator,0.738,1827,0.052823838281190916,0.030827952129493855,0.5835992448218369,25.0
Innovator,0.738,1848,0.052446284455208624,0.030440318144804957,0.5804094314975219,27.500000000000004
Innovator,0.738,1869,0.03755175768000263,0.0183097975640093,0.48758829666606485,10.0
Innovator,0.738,1890,0.038479650857365676,0.018784851221206537,0.488176238678392,7.5
Innovator,0.738,1911,0.03831560146236738,0.01840553026749621,0.4803664712290543,5.0
Innovator,0.738,1932,0.038512945809783976,0.018372196185054018,0.4770394940910148,2.5
Innovator,0.738,1953,0.0383210438184301,0.018067282028517637,0.47147155265714263,5.0
Innovator,0.738,1974,0.03752387061250843,0.01780426670722354,0.4744784164480239,2.5
Innovator,0.738,1995,0.04050155286295516,0.020883803083719638,0.5156296884315529,12.5
Innovator,0.738,2016,0.04121292230048362,0.011539713317878397,0.28000230689156885,10.0
Innovator,0.738,2037,0.03989782435554155,0.024422259415026577,0.6121200794657988,25.0
Innovator,0.738,2058,0.03924195753871384,0.022343780437686436,0.5693849603614539,22.5
Innovator,0.738,2079,0.039973550431533236,0.022940733554154633,0.5738978225976589,25.0
Innovator,0.738,2100,0.04058228132457806,0.023188340611021704,0.5713907610457086,25.0
Innovator,0.738,2121,0.040619564748696824,0.02386296763730903,0.587474725171067,25.0
Innovator,0.738,2142,0.05004990712429203,0.010371125210280122,0.20721567343821168,77.5
Innovator,0.738,2163,0.05021217986133024,0.009681676557743893,0.19281530067966665,77.5
Innovator,0.738,2184,0.04925806345826726,0.009727284540078061,0.19747598377104847,65.0
Innovator,0.738,2205,0.048784599613409536,0.008484399306734225,0.17391552608750116,77.5
Innovator,0.738,2226,0.04927878733089258,0.009627909913221225,0.19537635633305336,75.0
Innovator,0.738,2247,0.04954801073525979,0.028355386885316393,0.5722810353945832,90.0
Innovator,0.738,2268,0.049487911173549226,0.028543647827059163,0.5767802105641396,92.5
Visionary,0.865,252,0.0440186471618988,0.007559251404567341,0.17172838994266953,67.5
Visionary,0.865,273,0.044017690677628465,0.00937930353243123,0.21308031811850964,55.00000000000001
Visionary,0.865,294,0.04434595706223243,0.009544194916790226,0.21522130875192252,60.0
Visionary,0.865,315,0.04428971391310945,0.009368748429147283,0.21153327943204886,60.0
Visionary,0.865,336,0.044198472785306475,0.00887938249787857,0.2008979482392991,62.5
Visionary,0.865,357,0.0442752728261654,0.008911704535581648,0.2012794945515297,60.0
Visionary,0.865,378,0.04419813717733329,0.008805466450194997,0.19922709445570977,50.0
Visionary,0.865,399,0.0412093208874413,0.012148186061800046,0.2947921926445105,22.5
Visionary,0.865,420,0.04122664618764685,0.012354989367180807,0.2996845610711563,22.5
Visionary,0.865,441,0.041425487984417066,0.012357946655547559,0.29831746726064445,22.5
Visionary,0.865,462,0.03538422368599139,0.006819504845956212,0.19272727039242785,15.0
Visionary,0.865,483,0.03479968510416346,0.009007316171130715,0.25883326657036543,35.0
Visionary,0.865,504,0.034777458215895736,0.009104518897218906,0.26179368373326095,10.0
Visionary,0.865,525,0.026580051293764746,0.008113503637603159,0.30524785478899574,10.0
Visionary,0.865,546,0.025067890291344087,0.006158310808825902,0.2456653007992603,17.5
Visionary,0.865,567,0.0251571533506069,0.007266952712173948,0.2888622814710726,20.0
Visionary,0.865,588,0.02516972656245839,0.008403645331966268,0.3338790872881642,27.500000000000004
Visionary,0.865,609,0.025861594015309408,0.00848798623571477,0.32820816190564656,27.500000000000004
Visionary,0.865,630,0.02567236641042801,0.00846320076800558,0.3296618875215127,32.5
Visionary,0.865,651,0.028875555986843784,0.01199831711602858,0.41551813310521973,17.5
Visionary,0.865,672,0.029225369277325736,0.012080195618476255,0.4133462097209008,17.5
Visionary,0.865,693,0.06327793359142328,0.037656971239141225,0.5951043136504266,32.5
Visionary,0.865,714,0.06384069267845625,0.03832600197262007,0.6003381286236201,90.0
Visionary,0.865,735,0.06394185041953662,0.03798386109668596,0.5940375645600721,75.0
Visionary,0.865,756,0.06413963512639918,0.04897274246187714,0.7635332250544794,70.0
Visionary,0.865,777,0.06425769209811796,0.04738482498948518,0.7374187189470042,67.5
Visionary,0.865,798,0.064126456239402,0.04752201877587971,0.7410672842807143,65.0
Visionary,0.865,819,0.06419480820270816,0.0475722991143712,0.7410614728242818,60.0
Visionary,0.865,840,0.06431438022907318,0.047705149673166906,0.7417493491074939,52.5
Visionary,0.865,861,0.06430131017998848,0.04701035112541055,0.7310947629810639,35.0
Visionary,0.865,882,0.06415238133767892,0.038462234323643756,0.5995449197932353,25.0
Visionary,0.865,903,0.06415865765018174,0.037152069836906526,0.5790655727162223,27.500000000000004
Visionary,0.865,924,0.06413769577582194,0.039993873382333234,0.623562678679981,22.5
Visionary,0.865,945,0.03943813287013409,0.01523353046273922,0.38626398751943314,5.0
Visionary,0.865,966,0.03948646993114604,0.015378401772505178,0.38946003021594594,2.5
Visionary,0.865,987,0.039793300798757585,0.01573396330659642,0.3953922642950911,20.0
Visionary,0.865,1008,0.03970003946119835,0.015637406536788506,0.3938889419007265,10.0
Visionary,0.865,1029,0.04334237245872764,0.019006705275287868,0.4385248014142931,47.5
Visionary,0.865,1050,0.04335084392432526,0.018947209918001317,0.43706669127540454,45.0
Visionary,0.865,1071,0.0435374824056875,0.018977551965007423,0.4358899715002423,10.0
Visionary,0.865,1092,0.04407696777982545,0.01937593628665475,0.439593222098262,12.5
Visionary,0.865,1113,0.043625561818485474,0.01995699986712185,0.4574611543149334,15.0
Visionary,0.865,1134,0.04349348904771183,0.019878825382855562,0.4570529018963903,12.5
Visionary,0.865,1155,0.04338830259847362,0.017058884254932252,0.3931678178978215,17.5
Visionary,0.865,1176,0.12447062573086921,0.0012110657833907107,0.009729731623662606,82.5
Visionary,0.865,1197,0.1246139128631907,0.001587658180738874,0.012740617353713216,82.5
Visionary,0.865,1218,0.12577287109615168,0.001760270203416417,0.01399562710205378,82.5
Visionary,0.865,1239,0.1261788026676809,0.0015559915441748506,0.01233163979430753,82.5
Visionary,0.865,1260,0.12637606582620187,0.0015179333423239183,0.012011240675995164,82.5
Visionary,0.865,1281,0.12704147766124574,0.001349736856269823,0.01062437938473037,82.5
Visionary,0.865,1302,0.12694229244771366,0.001303693518736021,0.010269969870545707,82.5
Visionary,0.865,1323,0.1273032653218398,0.0010964481248888491,0.00861288296193252,82.5
Visionary,0.865,1344,0.1283585637721079,0.0012894075112346304,0.010045356331065592,82.5
Visionary,0.865,1365,0.12826429196712513,0.0012624177322776708,0.009842316305782405,82.5
Visionary,0.865,1386,0.1283721276756933,0.001339274455553957,0.01043275109482775,82.5
Visionary,0.865,1407,0.12835493785624083,0.0013596639451322612,0.01059300068887963,82.5
Visionary,0.865,1428,0.04822453906171905,0.006563354741928137,0.13609989581296322,15.0
Visionary,0.865,1449,0.060994884410794564,0.018955102477060157,0.31076544631840597,80.0
Visionary,0.865,1470,0.1533690517439098,0.10710387883783977,0.6983408818141357,37.5
Visionary,0.865,1491,0.15320688491085765,0.1073909996978191,0.7009541363647188,37.5
Visionary,0.865,1512,0.15365755715439605,0.10795929707957029,0.7025967292392403,47.5
Visionary,0.865,1533,0.15315076900925348,0.10761400017550793,0.7026670572513143,50.0
Visionary,0.865,1554,0.15312974822473505,0.1075838284821609,0.7025664818848235,55.00000000000001
Visionary,0.865,1575,0.1564595837409423,0.11108720474957781,0.7100057541601943,82.5
Visionary,0.865,1596,0.15647642727857908,0.09519695446892318,0.6083788857183041,87.5
Visionary,0.865,1617,0.16137503720084495,0.04391470191123027,0.27212822176812074,12.5
Visionary,0.865,1638,0.16158916428070622,0.044121784543725284,0.2730491536368038,12.5
Visionary,0.865,1659,0.161658387170346,0.04417939975529213,0.2732886336960575,12.5
Visionary,0.865,1680,0.1616988786679562,0.04402714595504069,0.27227861020266636,12.5
Visionary,0.865,1701,0.16137712251190894,0.04169370519475933,0.2583619322601474,12.5
Visionary,0.865,1722,0.11973162993135367,0.03657395982423285,0.30546614829516633,20.0
Visionary,0.865,1743,0.11985783347049109,0.03657750931535218,0.30517412384529324,20.0
Visionary,0.865,1764,0.11944836929325638,0.0360825662571331,0.3020766752248178,12.5
Visionary,0.865,1785,0.12512815798959678,0.04084654124449616,0.32643764521725127,10.0
Visionary,0.865,1806,0.12544653382954474,0.07986733955179666,0.6366643789482415,10.0
Visionary,0.865,1827,0.12478101714063104,0.08006396167512589,0.6416357512528688,12.5
Visionary,0.865,1848,0.12436771789415918,0.07953602891709186,0.6395231034534179,10.0
Visionary,0.865,1869,0.08926368208488014,0.05138804444145884,0.5756881549272677,5.0
Visionary,0.865,1890,0.08987947068573712,0.052032314340126846,0.5789121135576937,5.0
Visionary,0.865,1911,0.08982313688001714,0.051839467392003916,0.5771282232243727,10.0
Visionary,0.865,1932,0.08965083864033917,0.05153297852457854,0.5748187000382485,7.5
Visionary,0.865,1953,0.08904267616526046,0.05192917289072715,0.5831942067233942,7.5
Visionary,0.865,1974,0.08862923291503517,0.051702915214312015,0.5833618718541461,7.5
Visionary,0.865,1995,0.0917965386202296,0.05419564199609556,0.5903887315436558,12.5
Visionary,0.865,2016,0.09232589920388122,0.06379750039616627,0.6910032931851947,12.5
Visionary,0.865,2037,0.08936851971732077,0.061172884637540996,0.6845014870005159,70.0
Visionary,0.865,2058,0.08865727232025808,0.06025625608093793,0.6796538456910032,72.5
Visionary,0.865,2079,0.0888179197546774,0.06024713934236704,0.6783218916720267,67.5
Visionary,0.865,2100,0.08973675416978502,0.06127881810862207,0.6828731290267134,70.0
Visionary,0.865,2121,0.08964320708967913,0.06080882603656404,0.6783428216231805,62.5
Visionary,0.865,2142,0.1263432530398231,0.035837435897591544,0.2836513627387421,77.5
Visionary,0.865,2163,0.12646170517617192,0.03603207941723112,0.2849248265871108,77.5
Visionary,0.865,2184,0.1259920483181916,0.03566260001557607,0.2830543712211944,77.5
Visionary,0.865,2205,0.12558425766098166,0.035186643231456205,0.2801835507635325,77.5
Visionary,0.865,2226,0.12601996573037166,0.03560270063695242,0.28251634914047535,77.5
Visionary,0.865,2247,0.12619134158216824,0.08426560689424871,0.6677606073264543,92.5
Visionary,0.865,2268,0.1261473564209772,0.08501773715013049,0.6739557574746986,92.5
