mercado,anclas,perfil,orness,V_rango_rel_medio,pct_arranques_optimo_medio,pct_arranques_optimo_min
US,octiles,Adventurer,0.6875,0.15304890069499932,57.82710280373832,12.5
US,octiles,Analyst,0.4375,0.0003916923666138416,98.01401869158879,50.0
US,octiles,Guardian,0.0625,7.7770189294748e-06,100.0,100.0
US,octiles,Innovator,0.8125,0.2533388110316916,57.35981308411215,7.5
US,octiles,Pragmatist,0.3125,2.9102383756737453e-06,100.0,100.0
US,octiles,Sentinel,0.1875,1.5068791799182096e-06,100.0,100.0
US,octiles,Strategist,0.5625,0.030662055668602452,74.20560747663552,15.0
US,octiles,Visionary,0.9375,0.3534672264622308,54.46261682242991,5.0
US,v1,Adventurer,0.693,0.15498991233403664,57.17289719626168,5.0
US,v1,Analyst,0.6,0.051300604685113785,64.88317757009345,5.0
US,v1,Guardian,0.158,1.5930085636201114e-06,100.0,100.0
US,v1,Innovator,0.738,0.18454319157838597,55.677570093457945,15.0
US,v1,Pragmatist,0.503,0.0002938556977384421,97.96728971962617,47.5
US,v1,Sentinel,0.257,1.6901663237305185e-06,100.0,100.0
US,v1,Strategist,0.647,0.11263065403042939,59.13551401869159,5.0
US,v1,Visionary,0.865,0.31308364660636867,55.257009345794394,2.5
CO,octiles,Adventurer,0.6875,0.2904958934945523,30.489690721649485,2.5
CO,octiles,Analyst,0.4375,9.387824840289753e-05,99.48453608247422,50.0
CO,octiles,Guardian,0.0625,3.8565359228790075e-06,100.0,100.0
CO,octiles,Innovator,0.8125,0.3800586117678194,39.43298969072165,2.5
CO,octiles,Pragmatist,0.3125,1.3855617283512364e-06,100.0,100.0
CO,octiles,Sentinel,0.1875,9.104964275383048e-07,100.0,100.0
CO,octiles,Strategist,0.5625,0.10687655397088727,47.93814432989691,2.5
CO,octiles,Visionary,0.9375,0.43571417856419536,48.76288659793814,7.5
CO,v1,Adventurer,0.693,0.29532131179760257,30.876288659793815,2.5
CO,v1,Analyst,0.6,0.1810718255070062,34.20103092783505,2.5
CO,v1,Guardian,0.158,1.0644074525329583e-06,100.0,100.0
CO,v1,Innovator,0.738,0.31916262553396296,30.02577319587629,2.5
CO,v1,Pragmatist,0.503,0.0007306801911557889,94.27835051546391,25.0
CO,v1,Sentinel,0.257,8.112021317237222e-07,100.0,100.0
CO,v1,Strategist,0.647,0.24725006652619552,30.0,2.5
CO,v1,Visionary,0.865,0.4038636022905571,42.83505154639175,2.5
