mercado,anclas,estrategia,perfil,orness,Ret%,Vol%,Sharpe,CaidaMax%,rotacion_media
US,octiles,criterios,Guardian,0.0625,20.28858021210336,21.097498659642095,0.961658087501807,-31.98162893992851,0.23913768863974805
US,octiles,criterios,Sentinel,0.1875,17.465403820705074,20.389443535836612,0.8565905092018707,-31.848325756053754,0.30061035406733727
US,octiles,criterios,Pragmatist,0.3125,17.269304247361376,19.099959357680234,0.9041539787579318,-28.694886988059153,0.34428513848139786
US,octiles,criterios,Analyst,0.4375,18.009813754455383,18.269169847687223,0.9858036191357282,-26.11171934148495,0.32459900962758637
US,octiles,criterios,Strategist,0.5625,17.712638848534596,17.655852569581125,1.0032162864256868,-24.540111378393348,0.30213131539532984
US,octiles,criterios,Adventurer,0.6875,17.39065321856419,17.231730674442897,1.009222668757062,-24.57621642642692,0.2818879151762908
US,octiles,criterios,Innovator,0.8125,18.975854473469607,16.990597835560354,1.1168444252005203,-25.092790040309687,0.2790077868837027
US,octiles,criterios,Visionary,0.9375,21.009769652223078,17.402640410784162,1.2072748247561118,-25.422369500262533,0.27309176194547463
US,octiles,espectral,Guardian,0.0625,12.405674643303806,14.438484823882852,0.8592088986223434,-23.781592801479867,0.346908134143679
US,octiles,espectral,Sentinel,0.1875,13.198883364229843,14.565638254321076,0.9061658084440092,-22.086828340028177,0.30536090559774864
US,octiles,espectral,Pragmatist,0.3125,13.760423270513597,14.963195800150169,0.9196179381930897,-22.47266131847946,0.343860454838192
US,octiles,espectral,Analyst,0.4375,21.33580502535557,19.134464555861907,1.1150458359086548,-25.221212338317233,0.5206712859301968
US,octiles,espectral,Strategist,0.5625,35.075850004933066,30.36119417433757,1.1552855860518327,-38.4737300055777,0.36541341133124794
US,octiles,espectral,Adventurer,0.6875,33.16222554786708,31.764531982029315,1.0440017050031938,-59.81063676760324,0.3063160410944508
US,octiles,espectral,Innovator,0.8125,28.354703558184102,30.311387107110686,0.9354472448914233,-56.71578350222324,0.26173961725583567
US,octiles,espectral,Visionary,0.9375,27.459111719190172,28.856670099707358,0.9515689656606858,-56.11124004016313,0.32521255123370796
US,octiles,comparador,1/N,,21.04905489046254,17.742573459032744,1.1863586158492958,-30.738751778521724,0.04620695669638886
US,octiles,comparador,Markowitz,,23.97602269737665,20.606526191993623,1.1635159887692372,-25.237779772630155,0.5483703210163755
US,v1,criterios,Guardian,0.158,18.010211863724997,20.46910690896247,0.8798728710454468,-31.87325105102099,0.2983066213478255
US,v1,criterios,Sentinel,0.257,18.4750397932361,19.70222354400762,0.9377134388902636,-29.523533414641335,0.328490546167887
US,v1,criterios,Pragmatist,0.503,18.09881716165817,17.91977274468585,1.009991444619487,-24.523130932718185,0.3124289320425833
US,v1,criterios,Analyst,0.6,17.89378436498083,17.549317939695065,1.0196284793784842,-24.55085808421693,0.2979380981327544
US,v1,criterios,Strategist,0.647,17.856938516860108,17.466755304207872,1.0223386201877023,-24.56442053733786,0.29230776367212974
US,v1,criterios,Adventurer,0.693,17.561250134617076,17.21545000692972,1.0200866156590829,-24.57782724285731,0.27937665051362787
US,v1,criterios,Innovator,0.738,17.55527786070047,16.86628551483208,1.0408502717010513,-25.078481392696617,0.27712179671291565
US,v1,criterios,Visionary,0.865,19.44747673844751,17.13131724551755,1.1352003152901733,-25.10237023621017,0.29298178418093623
US,v1,espectral,Guardian,0.158,13.1345772221206,14.519164213617417,0.9046372800027827,-22.379621794414028,0.3000321126989572
US,v1,espectral,Sentinel,0.257,13.483589124174841,14.718653765558495,0.916088477855652,-21.92271278205119,0.31966069197000657
US,v1,espectral,Pragmatist,0.503,39.270980444689485,27.465685473376055,1.4298197830437156,-29.688048201625605,0.4560182707085816
US,v1,espectral,Analyst,0.6,33.72746054877193,31.977031960290653,1.0547401832244774,-58.08585675961135,0.3132542746419912
US,v1,espectral,Strategist,0.647,33.444693729296546,32.03353272642235,1.044052618701971,-62.49717085505253,0.30431015137201256
US,v1,espectral,Adventurer,0.693,33.367575642793035,31.501230348643684,1.0592467428571313,-58.4197752293935,0.30906699729189063
US,v1,espectral,Innovator,0.738,30.313122269866888,31.214179226561743,0.9711330882623977,-57.76357843803742,0.26219238127982814
US,v1,espectral,Visionary,0.865,27.493929603714207,29.568557148268876,0.9298367000408023,-56.377075127181996,0.2865688104868134
US,v1,comparador,1/N,,21.04905489046254,17.742573459032744,1.1863586158492958,-30.738751778521724,0.04620695669638886
US,v1,comparador,Markowitz,,23.97602269737665,20.606526191993623,1.1635159887692372,-25.237779772630155,0.5483703210163755
CO,octiles,criterios,Guardian,0.0625,5.496254528798337,19.85045911874319,0.2768829927771629,-44.224948922423735,0.25091733383275266
CO,octiles,criterios,Sentinel,0.1875,8.346541831259394,18.294687405923383,0.45622762751097795,-41.67553627933748,0.24378865422743212
CO,octiles,criterios,Pragmatist,0.3125,9.552143753852501,18.213971689147535,0.5244404634462001,-40.795380894068714,0.24155744568224202
CO,octiles,criterios,Analyst,0.4375,8.891898750207334,17.005329312899967,0.5228889477289972,-40.542372288831366,0.24733161504432224
CO,octiles,criterios,Strategist,0.5625,8.696077045347407,17.02905340067325,0.5106612117972221,-42.60210350778907,0.2587553511808895
CO,octiles,criterios,Adventurer,0.6875,9.876862522202876,16.681786138059064,0.5920746399972764,-40.613793236561776,0.24702780984256925
CO,octiles,criterios,Innovator,0.8125,11.247166036686407,16.474355272445926,0.6827075081656021,-43.10368223772916,0.22677816352263439
CO,octiles,criterios,Visionary,0.9375,10.871388841810829,16.403259968179142,0.6627578214879452,-41.679072032315126,0.24954103534786834
CO,octiles,espectral,Guardian,0.0625,6.359747904518515,15.785180644579864,0.4028935776989193,-38.18129980682761,0.24704050642865175
CO,octiles,espectral,Sentinel,0.1875,8.125992834180785,15.463087938520012,0.5255090617403895,-37.04552638554956,0.20668908505922423
CO,octiles,espectral,Pragmatist,0.3125,9.791392693412964,15.959622471416587,0.6135102951808028,-35.54446302818193,0.2222204396369659
CO,octiles,espectral,Analyst,0.4375,14.637151870314597,19.216941967043528,0.7616795583510043,-27.761383025538823,0.348642225445376
CO,octiles,espectral,Strategist,0.5625,23.098308395983445,25.644102429824024,0.9007259450469272,-36.108056094478094,0.36041343106057
CO,octiles,espectral,Adventurer,0.6875,19.822174014422288,27.444375299610176,0.7222672696326173,-45.157610405819696,0.30339743931150476
CO,octiles,espectral,Innovator,0.8125,15.341801809936317,27.008923118774263,0.568027156894383,-44.626810626289625,0.35730002871162236
CO,octiles,espectral,Visionary,0.9375,15.200516333064904,25.635035099442177,0.5929586705888953,-45.86156772959784,0.306336811629743
CO,octiles,comparador,1/N,,10.812996340300133,17.586554065181602,0.6148445170226973,-42.288019789649,0.04733901058428482
CO,octiles,comparador,Markowitz,,18.1834823275602,20.30830813358484,0.8953715990496169,-31.20153759068006,0.38756479799614735
CO,v1,criterios,Guardian,0.158,7.2048208926198285,18.374714683903974,0.39210518457362303,-43.10307579545379,0.24803764041433177
CO,v1,criterios,Sentinel,0.257,9.318559255625814,18.137167387801263,0.5137825028782229,-40.38357505908857,0.24144378795829194
CO,v1,criterios,Pragmatist,0.503,8.922650855879041,17.24950247119769,0.5172700413114878,-42.502312366549496,0.2626683539070648
CO,v1,criterios,Analyst,0.6,8.530508135476987,16.88099556933826,0.5053320522737028,-42.13526851218634,0.23913964447350153
CO,v1,criterios,Strategist,0.647,8.858847077798643,16.74125933710582,0.5291625259136649,-40.378242472615,0.23145825102664644
CO,v1,criterios,Adventurer,0.693,10.423613356598096,16.635720521968047,0.6265802159175103,-40.74299546203816,0.23850393596415997
CO,v1,criterios,Innovator,0.738,11.113471619518482,16.753371161087056,0.6633573334381601,-41.72705689232953,0.23458038044966475
CO,v1,criterios,Visionary,0.865,11.102160503886893,16.579734895843306,0.6696223174636109,-43.03770441954694,0.23021879161604333
CO,v1,espectral,Guardian,0.158,7.628277829089283,15.47106091116024,0.4930675325301403,-37.43208944279816,0.20975494179470378
CO,v1,espectral,Sentinel,0.257,9.109922698708045,15.611044491728254,0.5835562574647118,-36.31343902468019,0.21060939198710796
CO,v1,espectral,Pragmatist,0.503,25.60949921473792,22.445026323572026,1.1409877112882922,-29.209759533627487,0.39542791787395565
CO,v1,espectral,Analyst,0.6,22.153382861060965,26.100679353001937,0.8487665229492589,-36.770833866065445,0.3370233860794987
CO,v1,espectral,Strategist,0.647,21.24281896512675,27.448123220204128,0.7739261003276993,-43.488602443407,0.2731564103006158
CO,v1,espectral,Adventurer,0.693,19.44323035713687,27.398947626766994,0.7096342028166839,-45.15761040552276,0.28131378975461435
CO,v1,espectral,Innovator,0.738,17.48702006970731,27.24977388732957,0.6417308320432822,-45.893225182231454,0.30390699866591786
CO,v1,espectral,Visionary,0.865,14.16825607317968,26.196908603320846,0.5408369471267936,-45.94147073922857,0.3535465866518508
CO,v1,comparador,1/N,,10.812996340300133,17.586554065181602,0.6148445170226973,-42.288019789649,0.04733901058428482
CO,v1,comparador,Markowitz,,18.1834823275602,20.30830813358484,0.8953715990496169,-31.20153759068006,0.38756479799614735
