mercado,anclas,A,B,perdida,dbar,DM_HLN,p_bilateral,p_A_menor,p_A_mayor,T,lag
US,octiles,espectral:Guardian,1/N,rentabilidad,0.00034299127964915606,2.581743159305222,0.009893093552404529,0.9950534532237978,0.004946546776202264,2247,7
US,octiles,espectral:Guardian,1/N,cuadrado,-4.2630641480583716e-05,-4.459006435282538,8.639549066071463e-06,4.319774533035732e-06,0.9999956802254669,2247,7
US,octiles,espectral:Guardian,criterios:Guardian,rentabilidad,0.00031281371304760116,1.7349812598328411,0.0828813010381414,0.9585593494809292,0.0414406505190707,2247,7
US,octiles,espectral:Guardian,criterios:Guardian,cuadrado,-9.426667280110114e-05,-7.993146137687965,2.083347751171857e-15,1.0416738755859285e-15,0.999999999999999,2247,7
US,octiles,espectral:Visionary,Markowitz,rentabilidad,-0.00013821781832593335,-0.46327032216403113,0.643215501798407,0.3216077508992035,0.6783922491007965,2247,7
US,octiles,espectral:Visionary,Markowitz,cuadrado,0.0001621459533272319,9.151927599043534,1.2202569271034407e-19,1.0,6.101284635517204e-20,2247,7
US,octiles,espectral:Guardian,Markowitz,rentabilidad,0.0004591407957965416,2.643448989362177,0.008263673033155599,0.9958681634834222,0.0041318365165777995,2247,7
US,octiles,espectral:Guardian,Markowitz,cuadrado,-8.640210748900068e-05,-8.821794323458608,2.214287195926032e-18,1.107143597963016e-18,1.0,2247,7
US,octiles,criterios:Guardian,criterios:Visionary,rentabilidad,2.8618628576179543e-05,0.2166797152771384,0.8284776359321485,0.5857611820339257,0.41423881796607426,2247,7
US,octiles,criterios:Guardian,criterios:Visionary,cuadrado,5.6377404144529555e-05,9.807853800122814,2.89534800883784e-22,1.0,1.44767400441892e-22,2247,7
US,octiles,espectral:Guardian,espectral:Visionary,rentabilidad,0.0005973586141224748,1.862969414522035,0.0625970186842547,0.9687014906578727,0.03129850934212735,2247,7
US,octiles,espectral:Guardian,espectral:Visionary,cuadrado,-0.0002485480608162326,-13.618328727603798,1.2225815451643096e-40,6.112907725821548e-41,1.0,2247,7
US,v1,espectral:Guardian,1/N,rentabilidad,0.00031406657414055313,2.490100680278798,0.012842482781129327,0.9935787586094353,0.006421241390564663,2247,7
US,v1,espectral:Guardian,1/N,cuadrado,-4.1674641423650496e-05,-5.1562891431799835,2.73928131841836e-07,1.36964065920918e-07,0.9999998630359341,2247,7
US,v1,espectral:Guardian,criterios:Guardian,rentabilidad,0.00019347756514303171,1.211474780870153,0.22584093829135055,0.8870795308543247,0.11292046914567527,2247,7
US,v1,espectral:Guardian,criterios:Guardian,cuadrado,-8.281275508206933e-05,-8.34803469175933,1.1968268857623535e-16,5.984134428811768e-17,0.9999999999999999,2247,7
US,v1,espectral:Visionary,Markowitz,rentabilidad,-0.0001395994804102204,-0.45525709285449883,0.6489682948719995,0.32448414743599974,0.6755158525640003,2247,7
US,v1,espectral:Visionary,Markowitz,cuadrado,0.00017864644743625972,9.678608606903088,9.81355407928528e-22,1.0,4.90677703964264e-22,2247,7
US,v1,espectral:Guardian,Markowitz,rentabilidad,0.00043021609028793867,2.616682300033896,0.008938422495023773,0.9955307887524881,0.004469211247511887,2247,7
US,v1,espectral:Guardian,Markowitz,cuadrado,-8.544610743206746e-05,-9.509628668681597,4.735651370714676e-21,2.367825685357338e-21,1.0,2247,7
US,v1,criterios:Guardian,criterios:Visionary,rentabilidad,5.703432042549638e-05,0.4931796318938849,0.6219338830322106,0.6890330584838946,0.3109669415161053,2247,7
US,v1,criterios:Guardian,criterios:Visionary,cuadrado,4.969556207475153e-05,7.354662537045796,2.668686332886634e-13,0.9999999999998666,1.334343166443317e-13,2247,7
US,v1,espectral:Guardian,espectral:Visionary,rentabilidad,0.000569815570698159,1.7463499931988464,0.08088686039516527,0.9595565698024173,0.04044343019758263,2247,7
US,v1,espectral:Guardian,espectral:Visionary,cuadrado,-0.0002640925548683271,-14.10083770622575,2.500849312164753e-43,1.2504246560823765e-43,1.0,2247,7
CO,octiles,espectral:Guardian,1/N,rentabilidad,0.00017671620776911186,1.3006135761717397,0.19353794791050571,0.9032310260447471,0.09676897395525286,2037,7
CO,octiles,espectral:Guardian,1/N,cuadrado,-2.3963855005795003e-05,-1.6075808190342702,0.10808206784185218,0.05404103392092609,0.9459589660790739,2037,7
CO,octiles,espectral:Guardian,criterios:Guardian,rentabilidad,-3.426561014762615e-05,-0.20708146568786123,0.8359669446755978,0.4179834723377989,0.5820165276622011,2037,7
CO,octiles,espectral:Guardian,criterios:Guardian,cuadrado,-5.7443275882358013e-05,-2.623393078326867,0.008770867015002763,0.004385433507501381,0.9956145664924986,2037,7
CO,octiles,espectral:Visionary,Markowitz,rentabilidad,0.00011837166644822588,0.49767619925160067,0.6187660310922022,0.690616984453899,0.3093830155461011,2037,7
CO,octiles,espectral:Visionary,Markowitz,cuadrado,9.690965560925684e-05,5.633044669188657,2.0163551347354262e-08,0.9999999899182244,1.0081775673677131e-08,2037,7
CO,octiles,espectral:Guardian,Markowitz,rentabilidad,0.000469195810438162,2.618864037211332,0.008887764501532922,0.9955561177492336,0.004443882250766461,2037,7
CO,octiles,espectral:Guardian,Markowitz,cuadrado,-6.520907313659153e-05,-3.9628257199782966,7.662091096908383e-05,3.831045548454191e-05,0.9999616895445155,2037,7
CO,octiles,criterios:Guardian,criterios:Visionary,rentabilidad,0.000213298980675099,1.477278623305512,0.1397556251260365,0.9301221874369817,0.06987781256301825,2037,7
CO,octiles,criterios:Guardian,criterios:Visionary,cuadrado,4.942988793316537e-05,2.217096816399352,0.02672656125153788,0.986636719374231,0.01336328062576894,2037,7
CO,octiles,espectral:Guardian,espectral:Visionary,rentabilidad,0.0003508241439899361,1.2830629560052946,0.19961605192857682,0.9001919740357116,0.09980802596428841,2037,7
CO,octiles,espectral:Guardian,espectral:Visionary,cuadrado,-0.00016211872874584838,-7.305278791274572,3.95224757327523e-13,1.976123786637615e-13,0.9999999999998024,2037,7
CO,v1,espectral:Guardian,1/N,rentabilidad,0.00012637771869884328,0.9248136302207338,0.3551724551522603,0.8224137724238698,0.17758622757613016,2037,7
CO,v1,espectral:Guardian,1/N,cuadrado,-2.783011243625311e-05,-1.7816064697873815,0.07496244751924498,0.03748122375962249,0.9625187762403775,2037,7
CO,v1,espectral:Guardian,criterios:Guardian,rentabilidad,-1.6803846685295715e-05,-0.11345509886269764,0.9096809446684346,0.4548404723342173,0.5451595276657827,2037,7
CO,v1,espectral:Guardian,criterios:Guardian,cuadrado,-3.89695408825872e-05,-2.7739249755314117,0.005588969752265295,0.0027944848761326476,0.9972055151238673,2037,7
CO,v1,espectral:Visionary,Markowitz,rentabilidad,0.00015933437517383006,0.6233883653474102,0.533099167961825,0.7334504160190876,0.2665495839809125,2037,7
CO,v1,espectral:Visionary,Markowitz,cuadrado,0.00010841298750242905,5.007579626891106,5.986545412601597e-07,0.9999997006727294,2.993272706300799e-07,2037,7
CO,v1,espectral:Guardian,Markowitz,rentabilidad,0.00041885732136789347,2.447957384812908,0.014450761013210156,0.992774619493395,0.007225380506605078,2037,7
CO,v1,espectral:Guardian,Markowitz,cuadrado,-6.907533056704964e-05,-4.5836854563381495,4.845572365248059e-06,2.4227861826240295e-06,0.9999975772138173,2037,7
CO,v1,criterios:Guardian,criterios:Visionary,rentabilidad,0.000154656333780439,1.3101879947330253,0.1902800381611971,0.9048599809194015,0.09514001908059855,2037,7
CO,v1,criterios:Guardian,criterios:Visionary,cuadrado,2.4773253967166855e-05,1.7526865910757954,0.07980632446594857,0.9600968377670257,0.039903162232974285,2037,7
CO,v1,espectral:Guardian,espectral:Visionary,rentabilidad,0.00025952294619406335,0.9617325364599636,0.3362981761000784,0.8318509119499609,0.1681490880500392,2037,7
CO,v1,espectral:Guardian,espectral:Visionary,cuadrado,-0.0001774883180694787,-7.4875953258603545,1.0386324355540175e-13,5.1931621777700875e-14,0.999999999999948,2037,7
