t,fecha,activacion,s,regimen,rho_ad,rho_es,dvol,ddd,dret,red_orness
252,2016-01-04,0.0062349159897961,0.5528057121954083,estres,0.7857142857142858,0.7857142857142858,0.0003595862083397572,0.00015598726284988575,-0.0012893119004674658,0.0020519693045793416
273,2016-02-03,0.3548367323501624,0.7096765295575731,estres,0.9285714285714287,0.8571428571428572,0.020886708584530216,0.0064776234969166225,-0.04026195381009003,0.11678009521080422
294,2016-03-04,0.0,0.5189371306453663,normal,0.7619047619047621,0.7857142857142858,-0.00040086240446168993,8.771195575407731e-17,0.0023978860147347916,0.0
315,2016-04-05,0.0,0.3898536108326209,normal,0.5952380952380953,0.5952380952380953,0.0,0.0,0.0,0.0
336,2016-05-04,0.0,0.3012836329747557,calma,0.7619047619047621,0.7619047619047621,0.0,0.0,0.0,0.0
357,2016-06-03,0.0,0.2346991871019793,calma,0.7857142857142858,0.7857142857142858,0.0,0.0,0.0,0.0
378,2016-07-05,0.1267968605438351,0.6070585872447258,estres,0.7619047619047621,0.7857142857142858,0.0009818930039151644,-0.0006132220681169752,-0.004834585424038931,0.04173003552554373
399,2016-08-03,0.0,0.4009084207203247,normal,0.6190476190476191,0.6190476190476191,-5.9285320065387455e-05,-2.5153490401663703e-17,-0.0006819288862768275,0.0
420,2016-09-01,0.0,0.2874983961803525,calma,0.6428571428571429,0.6428571428571429,0.0,0.0,0.0,0.0
441,2016-10-03,0.0,0.2751431422070923,calma,0.6826469692905576,0.6826469692905576,0.0,0.0,0.0,0.0
462,2016-11-01,0.0,0.530027582687493,normal,0.5476190476190477,0.5476190476190477,0.0,0.0,0.0,0.0
483,2016-12-01,0.1037506332155123,0.5966877849469806,estres,0.7857142857142858,0.7619047619047621,0.007508993540319395,0.002481230846942249,0.028314776162737067,0.034145306053411525
504,2017-01-03,0.0,0.4112963152362466,normal,0.6904761904761906,0.6904761904761906,9.395951768188717e-05,-8.890457814381136e-17,0.0011000891544264181,0.0
525,2017-02-02,0.0,0.4554867924364864,normal,0.7619047619047621,0.7619047619047621,0.0,0.0,0.0,0.0
546,2017-03-06,0.0,0.4184663566282304,normal,0.6904761904761906,0.6904761904761906,0.0,0.0,0.0,0.0
567,2017-04-04,0.0,0.4087004235051841,normal,0.6666666666666669,0.6666666666666669,0.0,0.0,0.0,0.0
588,2017-05-04,0.0,0.3555444234682761,normal,0.7619047619047621,0.7619047619047621,0.0,0.0,0.0,0.0
609,2017-06-05,0.0,0.2863614015748598,calma,0.6904761904761906,0.6904761904761906,0.0,0.0,0.0,0.0
630,2017-07-05,0.0,0.3142183514926748,calma,0.523809523809524,0.523809523809524,0.0,0.0,0.0,0.0
651,2017-08-03,0.0,0.3536350075719751,normal,0.7857142857142858,0.7857142857142858,0.0,0.0,0.0,0.0
672,2017-09-01,0.0,0.336750870437267,calma,0.7142857142857144,0.7142857142857144,0.0,0.0,0.0,0.0
693,2017-10-03,0.0,0.257682766786894,calma,0.8333333333333335,0.8333333333333335,0.0,0.0,0.0,0.0
714,2017-11-01,0.0,0.3219894312214842,calma,0.7142857142857144,0.7142857142857144,0.0,0.0,0.0,0.0
735,2017-12-01,0.0,0.4113682799910321,normal,0.7857142857142858,0.7857142857142858,0.0,0.0,0.0,0.0
756,2018-01-03,0.0,0.3152989367246556,calma,0.7142857142857144,0.7142857142857144,0.0,0.0,0.0,0.0
777,2018-02-02,0.7360639150251969,0.8812287617613386,crisis,1.0,0.8333333333333335,0.042279403471305294,0.009250960311894336,0.42900486479649136,0.24224553503399565
798,2018-03-06,0.0707149524985009,0.5818217286243255,estres,1.0,0.8333333333333335,-0.0009409795084472962,0.003803813650304848,-0.025945328130374062,0.02327295381993633
819,2018-04-05,0.6876923561833431,0.8594615602825044,crisis,0.7619047619047621,0.7619047619047621,0.0617745176227217,0.010970874457063524,0.32160498037924795,0.22632600153577745
840,2018-05-04,0.01316936751118,0.5559262153800311,estres,0.6666666666666669,0.6666666666666669,0.0009222744481011142,-0.00010672209371263798,0.015461093254520192,0.004334162310749772
861,2018-06-05,0.1037657774668453,0.5966945998600804,estres,0.7619047619047621,0.7619047619047621,-0.0009023172660281437,-0.0013180722946394005,0.03199885329566676,0.034150290168502566
882,2018-07-05,0.0,0.5430084456701377,normal,1.0,1.0,6.0868275073015093e-05,5.0306980803327406e-17,0.0014071757797323378,0.0
903,2018-08-03,0.0561717621709909,0.575277292976946,estres,0.7619047619047621,0.7619047619047621,0.0011560186572387495,0.00011238880081933808,0.026626361319062694,0.018486653540743504
924,2018-09-04,0.0,0.3944082328252499,normal,0.7619047619047621,0.7619047619047621,-4.750903048076228e-05,1.2576745200831851e-17,0.00042469578992516163,0.0
945,2018-10-03,0.0,0.3623221236701643,normal,0.7619047619047621,0.7619047619047621,0.0,0.0,0.0,0.0
966,2018-11-01,0.189945798990498,0.6354756095457241,estres,0.9285714285714287,0.7857142857142858,0.0011510441781670613,0.000935169835275286,-0.019956163141027612,0.0625129431896384
987,2018-12-03,0.2068223238286299,0.6430700457228835,estres,0.9047619047619048,0.880952380952381,0.010850263843128295,0.0024017363519473495,0.009545240162239815,0.06806716573128802
1008,2019-01-04,0.5897635066552483,0.8153935779948618,crisis,0.5714285714285715,0.9047619047619048,0.054942951292381845,0.009609437474993125,0.3380151133082948,0.19409669907311716
1029,2019-02-05,0.1923540682010043,0.636559330690452,estres,-0.7619047619047621,-0.5476190476190477,0.0005464888695640609,-0.0008669555117561999,-0.02468242210422388,0.06330552716433993
1050,2019-03-07,0.0,0.4317050138368996,normal,0.7857142857142858,0.7857142857142858,-0.00012421783065254093,-1.1926223897340549e-17,0.0032666983716937714,0.0
1071,2019-04-05,0.0,0.4297138125850551,normal,0.9761904761904763,0.9761904761904763,0.0,0.0,0.0,0.0
1092,2019-05-07,0.0,0.5200176680514941,normal,0.9285714285714287,0.9285714285714287,0.0,0.0,0.0,0.0
1113,2019-06-06,0.0,0.4753789081972601,normal,0.7380952380952381,0.7380952380952381,0.0,0.0,0.0,0.0
1134,2019-07-08,0.0,0.4930662235162788,normal,0.9047619047619048,0.9047619047619048,0.0,0.0,0.0,0.0
1155,2019-08-06,0.3138516110608459,0.6912332249773807,estres,0.6904761904761906,0.8095238095238096,0.010990769551707566,0.005079472528909638,-0.05166212394148826,0.10329150755897812
1176,2019-09-05,0.1616284469071972,0.6227328011082388,estres,0.7142857142857144,0.6904761904761906,0.00013010387759642382,0.0012099027515432006,-0.01558597953323396,0.053193437143848395
1197,2019-10-04,0.0,0.4780499243346294,normal,0.7619047619047621,0.7619047619047621,-5.949706167300041e-05,-3.7730235602495554e-17,0.0022168150178321164,0.0
1218,2019-11-04,0.0,0.2824628411287692,calma,0.7857142857142858,0.7857142857142858,0.0,0.0,0.0,0.0
1239,2019-12-04,0.0,0.4095175918086731,normal,0.6666666666666669,0.6666666666666669,0.0,0.0,0.0,0.0
1260,2020-01-06,0.0,0.4218663035048884,normal,0.7619047619047621,0.7619047619047621,0.0,0.0,0.0,0.0
1281,2020-02-05,0.0,0.4866659533559174,normal,0.4761904761904762,0.4761904761904762,0.0,0.0,0.0,0.0
1302,2020-03-06,0.7734813302996071,0.8980665986348232,crisis,0.9047619047619048,0.7619047619047621,0.12005765259018407,0.009330705330538154,-0.024149128140268733,0.25455995718907226
1323,2020-04-06,0.816398816937131,0.917379467621709,crisis,-0.9285714285714287,0.7619047619047621,0.09768310186002149,0.006755307182431288,0.4676818304192367,0.26868450439291863
1344,2020-05-06,0.529982909762631,0.7884923093931839,crisis,0.1666666666666667,0.6666666666666669,0.0714185866978458,0.013440173418975437,0.5853217198285634,0.1744223441926609
1365,2020-06-05,0.3373159763114522,0.7017921893401535,estres,0.9761904761904763,0.9285714285714287,0.026056383106222804,0.006950517114483362,-0.15457176956215835,0.11101385014137684
1386,2020-07-07,0.1439441092185022,0.614774849148326,estres,0.7619047619047621,0.6904761904761906,0.007276039020874264,0.001378959746085288,0.03494240500959085,0.047373355819833006
1407,2020-08-05,0.1276764190858095,0.6074543885886143,estres,0.6904761904761906,0.51234753829798,0.009172350907169467,0.002014113922183363,0.018282013840853845,0.04201950648756886
1428,2020-09-03,0.1290033171784436,0.6080514927302997,estres,0.8333333333333335,0.5988131309566295,0.009330326009282044,0.0005286450505264852,0.014760802213999804,0.04245620108952437
1449,2020-10-05,0.0,0.5282580504048429,normal,0.80511756018254,0.80511756018254,-2.5892981591075365e-05,-1.3791051634015616e-16,0.000551541682990146,0.0
1470,2020-11-03,0.1735502090485097,0.6280975940718294,estres,0.6904761904761906,0.7784570702436182,0.005565161078329748,-0.004208832387480675,0.1286973939451912,0.057117000831074405
1491,2020-12-03,0.0,0.4456279420102678,normal,0.7857142857142858,0.7857142857142858,0.0002649224962670005,4.9873299934333204e-17,0.003501656959460933,0.0
1512,2021-01-05,0.0,0.4661769364946033,normal,0.7619047619047621,0.7619047619047621,0.0,0.0,0.0,0.0
1533,2021-02-04,0.0,0.3296885516727748,calma,0.8571428571428572,0.8571428571428572,0.0,0.0,0.0,0.0
1554,2021-03-08,0.0,0.2844873787884572,calma,0.6190476190476191,0.6190476190476191,0.0,0.0,0.0,0.0
1575,2021-04-07,0.0,0.1380281753646501,calma,0.880952380952381,0.880952380952381,0.0,0.0,0.0,0.0
1596,2021-05-06,0.0,0.1734477840904296,calma,0.7619047619047621,0.7619047619047621,0.0,0.0,0.0,0.0
1617,2021-06-07,0.0,0.1934140525722463,calma,0.6666666666666669,0.6666666666666669,0.0,0.0,0.0,0.0
1638,2021-07-07,0.0,0.1959974904198747,calma,0.8333333333333335,0.8333333333333335,0.0,0.0,0.0,0.0
1659,2021-08-05,0.0,0.2773039890705796,calma,0.7380952380952381,0.7380952380952381,0.0,0.0,0.0,0.0
1680,2021-09-03,0.0,0.2500711141461489,calma,0.7142857142857144,0.7142857142857144,0.0,0.0,0.0,0.0
1701,2021-10-05,0.0,0.4315792644007563,normal,0.8571428571428572,0.8571428571428572,0.0,0.0,0.0,0.0
1722,2021-11-03,0.0,0.221368779306418,calma,0.7142857142857144,0.7142857142857144,0.0,0.0,0.0,0.0
1743,2021-12-03,0.4409322363988517,0.7484195063794833,estres,0.9761904761904763,0.9047619047619048,0.052272541781124435,0.01386869461965255,-0.2046134958459389,0.14511493273857834
1764,2022-01-04,0.0,0.4340982421437902,normal,0.8095238095238096,0.8095238095238096,-0.0007747433607716292,-1.5612511283791264e-17,0.007582034887106057,0.0
1785,2022-02-03,0.2103569637966165,0.6446606337084775,estres,0.8333333333333335,0.8333333333333335,-0.02023685090176837,-0.00036803138669189855,-0.03203717686197642,0.0692304488820021
1806,2022-03-07,0.4600415555409391,0.7570186999934226,crisis,0.4047619047619048,0.5476190476190477,0.058538399709411534,0.004538166844347449,0.2951413571711669,0.15140398881810627
1827,2022-04-05,0.3710399899405793,0.7169679954732607,estres,0.9761904761904763,0.7619047619047621,0.025129451706273034,0.0016444107618185117,-0.18873403972920655,0.12211273918935037
1848,2022-05-05,0.5227168798449696,0.7852225959302364,crisis,1.0,0.8571428571428572,0.09009062081170849,0.008187733668081926,-0.006989016119850866,0.1720310256277281
1869,2022-06-06,0.3309051335622029,0.6989073101029913,estres,0.9285714285714287,0.9523809523809524,0.049066552826583426,0.007547569183557356,-0.04929528221064812,0.10890398169094812
1890,2022-07-07,0.0488651002254372,0.5719892951014468,estres,0.8333333333333335,0.8333333333333335,0.0006445030556105156,-5.850278897682375e-05,-0.008451903832108296,0.016081962594506036
1911,2022-08-05,0.1025473495883163,0.5961463073147424,estres,0.7380952380952381,0.7380952380952381,0.001980976507863762,0.0002242571288479326,-0.009484319389079301,0.033749294130917304
1932,2022-09-06,0.2050738265771971,0.6422832219597387,estres,0.9761904761904763,0.9285714285714287,0.01232223641662087,0.008035715317160842,-0.02190195242615561,0.06749171889367975
1953,2022-10-05,0.3503913503643766,0.7076761076639695,estres,1.0,0.9047619047619048,0.0540575852015254,0.026983761585071268,-0.45808875816142386,0.11531707832382602
1974,2022-11-03,0.0877336820714435,0.5894801569321496,estres,0.9761904761904763,0.880952380952381,0.023306318871572577,0.002120259274644075,0.13067083674704977,0.0288739772729815
1995,2022-12-05,0.0,0.4033838252403434,normal,0.8571428571428572,0.8333333333333335,-0.00011842250113223637,8.673617379884035e-19,0.0011915894360360274,0.0
2016,2023-01-05,0.0,0.2530371936471605,calma,0.9285714285714287,0.9285714285714287,0.0,0.0,0.0,0.0
2037,2023-02-06,0.0,0.2081786876285752,calma,0.8783100656536799,0.8783100656536799,0.0,0.0,0.0,0.0
2058,2023-03-08,0.0,0.1682716680852319,calma,0.5389318178609664,0.5389318178609664,0.0,0.0,0.0,0.0
2079,2023-04-06,0.0,0.2565786008809437,calma,0.8263621207201486,0.8263621207201486,0.0,0.0,0.0,0.0
2100,2023-05-08,0.0,0.1789542774316883,calma,0.9285714285714287,0.9285714285714287,0.0,0.0,0.0,0.0
2121,2023-06-07,0.0,0.2781172249012211,calma,0.9761904761904763,0.9761904761904763,0.0,0.0,0.0,0.0
2142,2023-07-10,0.0,0.257868994547372,calma,0.6904761904761906,0.6904761904761906,0.0,0.0,0.0,0.0
2163,2023-08-08,0.0,0.2218956997029342,calma,0.7619047619047621,0.7619047619047621,0.0,0.0,0.0,0.0
2184,2023-09-07,0.0,0.1692469592392799,calma,0.9940297973880048,0.9940297973880048,0.0,0.0,0.0,0.0
2205,2023-10-06,0.0,0.3367478817430381,calma,0.9523809523809524,0.9523809523809524,0.0,0.0,0.0,0.0
2226,2023-11-06,0.0,0.2947076556016695,calma,0.8571428571428572,0.8571428571428572,0.0,0.0,0.0,0.0
2247,2023-12-06,0.0,0.2989126696384447,calma,0.6666666666666669,0.6666666666666669,0.0,0.0,0.0,0.0
2268,2024-01-08,0.0,0.2432345452389424,calma,0.9047619047619048,0.9047619047619048,0.0,0.0,0.0,0.0
2289,2024-02-07,0.0,0.3428735672250609,calma,0.7619047619047621,0.7619047619047621,0.0,0.0,0.0,0.0
2310,2024-03-08,0.0,0.3067670390491916,calma,0.9523809523809524,0.9523809523809524,0.0,0.0,0.0,0.0
2331,2024-04-09,0.0,0.3845590414369044,normal,0.7857142857142858,0.7857142857142858,0.0,0.0,0.0,0.0
2352,2024-05-08,0.0,0.3284410011190168,calma,0.8982196964349441,0.8982196964349441,0.0,0.0,0.0,0.0
2373,2024-06-07,0.0,0.2968834061192017,calma,0.7142857142857144,0.7142857142857144,0.0,0.0,0.0,0.0
2394,2024-07-10,0.0,0.4366731564458362,normal,0.7142857142857144,0.7142857142857144,0.0,0.0,0.0,0.0
2415,2024-08-08,0.6494710845745758,0.8422619880585591,crisis,1.0,0.9047619047619048,0.08845540569441272,0.029677665077181895,-0.08792226312544132,0.21374702272491075
2436,2024-09-09,0.3797578340277398,0.720891025312483,estres,0.8333333333333335,0.7857142857142858,0.0199790930585855,0.0010706186647122756,0.23902887647775398,0.1249818634082232
2457,2024-10-08,0.3197573690727003,0.6938908160827152,estres,1.0,0.9285714285714287,0.02043573710744942,0.0005490896221147243,0.09661229576008007,0.10523514788716076
2478,2024-11-06,0.0,0.4335124434789792,normal,0.7619047619047621,0.7619047619047621,0.00020893835206975062,4.9873299934333204e-17,0.003520048492049725,0.0
