mercado,fecha,parametrizacion,perfil,orness,beta,S,N,V_LP,V_PROD,brecha,brecha_rel,seg_LP
US,2016-01-04,octiles,Guardian,0.0625,14.572203042485171,252,25,-0.014475514143863303,-0.014475492995105444,-2.1148757859551504e-08,-1.461002189584902e-06,23.71026921272278
US,2016-01-04,octiles,Sentinel,0.1875,4.298450069654156,252,25,-0.008326111575637774,-0.008326111051865485,-5.237722894291252e-10,-6.290719079019845e-08,66.9805645942688
US,2016-01-04,octiles,Pragmatist,0.3125,2.192428372098466,252,25,-0.004587239089197694,-0.0045872403401786225,1.2509809282218454e-09,2.7270890047299484e-07,64.59892106056213
US,2016-01-04,octiles,Analyst,0.4375,1.2844272901400569,252,25,-0.0007887084822220162,-0.0007887089867709323,5.045489161019379e-10,6.39715341567622e-07,37.30837917327881
US,2016-01-04,v1,Guardian,0.158,5.275485526872802,252,25,-0.009392089998936495,-0.009392084445343743,-5.5535927523386874e-09,-5.913053168110126e-07,45.60901093482971
US,2016-01-04,v1,Sentinel,0.257,2.8765623326732883,252,25,-0.006156444979577968,-0.006156446746991263,1.7674132955780575e-09,2.870834225662512e-07,78.77429938316345
US,2017-10-03,octiles,Guardian,0.0625,14.572203042485171,252,25,-0.005275064997581353,-0.005275060778796976,-4.218784376529283e-09,-7.997596955608357e-07,40.70146036148071
US,2017-10-03,octiles,Sentinel,0.1875,4.298450069654156,252,25,-0.002890955070796669,-0.002890956026977977,9.561813077429981e-10,3.3074927984940993e-07,105.08995771408081
US,2017-10-03,octiles,Pragmatist,0.3125,2.192428372098466,252,25,-0.001353202235791469,-0.0013532028665100306,6.307185615797573e-10,4.6609334872319274e-07,84.66812705993652
US,2017-10-03,octiles,Analyst,0.4375,1.2844272901400569,252,25,0.00030821229654897226,0.0003082089357107728,3.3608381994824736e-09,1.090429628250885e-05,43.898667335510254
US,2017-10-03,v1,Guardian,0.158,5.275485526872802,252,25,-0.0033181754238667516,-0.003318175630758633,2.0689188123118596e-10,6.235109805921284e-08,141.69911980628967
US,2017-10-03,v1,Sentinel,0.257,2.8765623326732883,252,25,-0.0020061979676580504,-0.002006199054093805,1.0864357547282766e-09,5.415396547313499e-07,82.02486252784729
US,2019-07-08,octiles,Guardian,0.0625,14.572203042485171,252,25,-0.012537196510851853,-0.01253718157164884,-1.493920301180729e-08,-1.1915904005234605e-06,28.510562419891357
US,2019-07-08,octiles,Sentinel,0.1875,4.298450069654156,252,25,-0.006468235602756078,-0.006468236755211203,1.152455125254248e-09,1.7817148230704422e-07,51.4141263961792
US,2019-07-08,octiles,Pragmatist,0.3125,2.192428372098466,252,25,-0.003271022896225393,-0.0032710235734465477,6.772211545887086e-10,2.0703650695022344e-07,65.92593741416931
US,2019-07-08,octiles,Analyst,0.4375,1.2844272901400569,252,25,-0.000316419627654843,-0.0003164196874068238,5.975198081546035e-11,1.888377824672717e-07,43.41113495826721
US,2019-07-08,v1,Guardian,0.158,5.275485526872802,252,25,-0.007438302519226055,-0.007438302097395994,-4.218300613326176e-10,-5.671052773698002e-08,78.63343572616577
US,2019-07-08,v1,Sentinel,0.257,2.8765623326732883,252,25,-0.004581042334215735,-0.004581042911765565,5.775498300095161e-10,1.2607389058507606e-07,70.2459659576416
US,2021-05-06,octiles,Guardian,0.0625,14.572203042485171,252,25,-0.014939961614012728,-0.014939945072023739,-1.654198898866366e-08,-1.1072310234819032e-06,26.972332000732422
US,2021-05-06,octiles,Sentinel,0.1875,4.298450069654156,252,25,-0.007527478911299218,-0.007527477360216609,-1.5510826095743724e-09,-2.0605605513502006e-07,49.45872902870178
US,2021-05-06,octiles,Pragmatist,0.3125,2.192428372098466,252,25,-0.003585564798991677,-0.0035855655501257654,7.511340885217599e-10,2.094883597510194e-07,63.679699182510376
US,2021-05-06,octiles,Analyst,0.4375,1.2844272901400569,252,25,-6.353020668446208e-05,-6.353632180431106e-05,6.1151198489829564e-09,9.625531173470217e-05,43.5550012588501
US,2021-05-06,v1,Guardian,0.158,5.275485526872802,252,25,-0.00874409210733028,-0.008744087326761026,-4.780569254694833e-09,-5.467199105424819e-07,49.44692945480347
US,2021-05-06,v1,Sentinel,0.257,2.8765623326732883,252,25,-0.005181714513411327,-0.005181715076788021,5.63376694254214e-10,1.0872399334160169e-07,59.191099643707275
US,2023-02-06,octiles,Guardian,0.0625,14.572203042485171,252,25,-0.015932101118150074,-0.015932084737437652,-1.6380712421909527e-08,-1.0281576987512581e-06,27.9678955078125
US,2023-02-06,octiles,Sentinel,0.1875,4.298450069654156,252,25,-0.009542231704308459,-0.009542231329741857,-3.7456660169354894e-10,-3.925356387273918e-08,71.40124893188477
US,2023-02-06,octiles,Pragmatist,0.3125,2.192428372098466,252,25,-0.005269322216697424,-0.005269323454182101,1.2374846772300607e-09,2.348470308588684e-07,67.31056642532349
US,2023-02-06,octiles,Analyst,0.4375,1.2844272901400569,252,25,-0.0013135462023645453,-0.0013135463576057628,1.552412174504747e-10,1.1818481692613578e-07,48.121320486068726
US,2023-02-06,v1,Guardian,0.158,5.275485526872802,252,25,-0.01073110788735572,-0.010731108269605258,3.8224953757826086e-10,3.562069653858004e-08,72.00854063034058
US,2023-02-06,v1,Sentinel,0.257,2.8765623326732883,252,25,-0.007061617028889717,-0.007061617817177788,7.882880711032603e-10,1.1162996632050452e-07,74.76085877418518
US,2024-11-06,octiles,Guardian,0.0625,14.572203042485171,252,25,-0.0076868507293973995,-0.007686836434379814,-1.429501758545143e-08,-1.859671546733947e-06,51.170820474624634
US,2024-11-06,octiles,Sentinel,0.1875,4.298450069654156,252,25,-0.004141493093785207,-0.004141493807869243,7.140840366931522e-10,1.7242188276607743e-07,100.97741222381592
US,2024-11-06,octiles,Pragmatist,0.3125,2.192428372098466,252,25,-0.0018415459253679268,-0.0018415467987125483,8.733446214478913e-10,4.742453660358232e-07,82.28671741485596
US,2024-11-06,octiles,Analyst,0.4375,1.2844272901400569,252,25,0.0006444579225480823,0.0006444543584384546,3.5641096276552153e-09,5.530399275042353e-06,42.2759895324707
US,2024-11-06,v1,Guardian,0.158,5.275485526872802,252,25,-0.004780674502448114,-0.004780675442829012,9.40380898151183e-10,1.9670464861592806e-07,117.85437607765198
US,2024-11-06,v1,Sentinel,0.257,2.8765623326732883,252,25,-0.002812608813066707,-0.002812609519195169,7.061284616922958e-10,2.510581842778107e-07,85.441823720932
CO,2016-02-25,octiles,Guardian,0.0625,14.572203042485171,252,18,-0.01059281165592159,-0.01059279737560885,-1.4280312739603507e-08,-1.3481135324086057e-06,20.315187692642212
CO,2016-02-25,octiles,Sentinel,0.1875,4.298450069654156,252,18,-0.005750945199348941,-0.005750945570189433,3.708404919949837e-10,6.44833986658343e-08,53.093650579452515
CO,2016-02-25,octiles,Pragmatist,0.3125,2.192428372098466,252,18,-0.003174630783316898,-0.003174630928954595,1.456376972144846e-10,4.587547565525725e-08,48.53651475906372
CO,2016-02-25,octiles,Analyst,0.4375,1.2844272901400569,252,18,-0.0008319454263623401,-0.0008319455967333847,1.7037104452916063e-10,2.0478632267275464e-07,36.36098337173462
CO,2016-02-25,v1,Guardian,0.158,5.275485526872802,252,18,-0.006536688904340871,-0.0065366880946655555,-8.096753155092951e-10,-1.2386627654432315e-07,59.878647327423096
CO,2016-02-25,v1,Sentinel,0.257,2.8765623326732883,252,18,-0.004223501278426276,-0.004223501550801119,2.7237484316600113e-10,6.44902949496658e-08,54.26455283164978
CO,2017-11-14,octiles,Guardian,0.0625,14.572203042485171,252,18,-0.006708838450877002,-0.006708829608353226,-8.842523776565747e-09,-1.3180409457332844e-06,27.034959316253662
CO,2017-11-14,octiles,Sentinel,0.1875,4.298450069654156,252,18,-0.0034672443031145595,-0.0034672447801225633,4.770080038428437e-10,1.3757553899918633e-07,88.8951907157898
CO,2017-11-14,octiles,Pragmatist,0.3125,2.192428372098466,252,18,-0.0016172794093500906,-0.0016172805628316665,1.1534815758801331e-09,7.132234351166715e-07,51.173901081085205
CO,2017-11-14,octiles,Analyst,0.4375,1.2844272901400569,252,18,0.00016341838999900312,0.00016341802372510204,3.662739010744723e-10,2.2413260899015502e-06,35.310035943984985
CO,2017-11-14,v1,Guardian,0.158,5.275485526872802,252,18,-0.004007573599341299,-0.004007573995954507,3.966132075539086e-10,9.896591983216417e-08,185.7225546836853
CO,2017-11-14,v1,Sentinel,0.257,2.8765623326732883,252,18,-0.0023847286094449164,-0.0023847289396329826,3.301880661249479e-10,1.3845938897080806e-07,56.512280225753784
CO,2019-09-26,octiles,Guardian,0.0625,14.572203042485171,252,18,-0.011674618460116993,-0.011674606955121868,-1.1504995124991813e-08,-9.854707598621189e-07,31.7236328125
CO,2019-09-26,octiles,Sentinel,0.1875,4.298450069654156,252,18,-0.006478642889956045,-0.006478643861688963,9.717329180897183e-10,1.4999019618695344e-07,80.23615312576294
CO,2019-09-26,octiles,Pragmatist,0.3125,2.192428372098466,252,18,-0.003485336411171163,-0.0034853368191859586,4.0801479556096254e-10,1.1706611569924725e-07,62.17423391342163
CO,2019-09-26,octiles,Analyst,0.4375,1.2844272901400569,252,18,-0.000704072740729805,-0.0007040728795071061,1.3877730106574837e-10,1.9710648209714678e-07,44.34347152709961
CO,2019-09-26,v1,Guardian,0.158,5.275485526872802,252,18,-0.007367614678374918,-0.007367614327037266,-3.513376516800504e-10,-4.7686757114386076e-08,97.7972366809845
CO,2019-09-26,v1,Sentinel,0.257,2.8765623326732883,252,18,-0.0047149655194263914,-0.0047149659203215314,4.008951400014116e-10,8.502610217395255e-08,62.39653491973877
CO,2021-07-09,octiles,Guardian,0.0625,14.572203042485171,252,18,-0.013009397908221221,-0.013009378718024784,-1.919019643713271e-08,-1.4751025814196648e-06,32.841076135635376
CO,2021-07-09,octiles,Sentinel,0.1875,4.298450069654156,252,18,-0.00738341860703188,-0.007383418438178595,-1.6885328465304772e-10,-2.2869255237977956e-08,67.13051557540894
CO,2021-07-09,octiles,Pragmatist,0.3125,2.192428372098466,252,18,-0.003926741726092495,-0.003926742325708694,5.996161987070758e-10,1.5270069704934594e-07,63.873661279678345
CO,2021-07-09,octiles,Analyst,0.4375,1.2844272901400569,252,18,-0.0007252196943123195,-0.0007252203449313151,6.506189956364747e-10,8.97133655827447e-07,53.878148555755615
CO,2021-07-09,v1,Guardian,0.158,5.275485526872802,252,18,-0.008370247385239307,-0.00837024353801582,-3.847223485967111e-09,-4.596307980994182e-07,57.57186031341553
CO,2021-07-09,v1,Sentinel,0.257,2.8765623326732883,252,18,-0.0053600103004153455,-0.005360011329673344,1.0292579982751349e-09,1.9202537692798427e-07,63.272337436676025
CO,2023-03-10,octiles,Guardian,0.0625,14.572203042485171,252,18,-0.016512640893828052,-0.01651262663148452,-1.4262343531884492e-08,-8.637227457187265e-07,33.13941812515259
CO,2023-03-10,octiles,Sentinel,0.1875,4.298450069654156,252,18,-0.010908602296847758,-0.010908601640895035,-6.55952722694586e-10,-6.013169284612528e-08,63.788249254226685
CO,2023-03-10,octiles,Pragmatist,0.3125,2.192428372098466,252,18,-0.006683879102887478,-0.006683879716866718,6.139792398454635e-10,9.185971654996283e-08,67.76953864097595
CO,2023-03-10,octiles,Analyst,0.4375,1.2844272901400569,252,18,-0.00240696964063082,-0.0024069697703771797,1.297463594895909e-10,5.3904443703571966e-08,51.190664291381836
CO,2023-03-10,v1,Guardian,0.158,5.275485526872802,252,18,-0.012019917579846053,-0.012019917671251587,9.140553418329755e-11,7.604505902482922e-09,73.94679474830627
CO,2023-03-10,v1,Sentinel,0.257,2.8765623326732883,252,18,-0.008504499636355483,-0.008504500264656576,6.283010934443611e-10,7.387866662472023e-08,61.174219608306885
CO,2024-11-15,octiles,Guardian,0.0625,14.572203042485171,252,18,-0.009909234905022275,-0.00990922806718307,-6.837839204576479e-09,-6.900471398766491e-07,37.58133888244629
CO,2024-11-15,octiles,Sentinel,0.1875,4.298450069654156,252,18,-0.00547924327667983,-0.00547924306556112,-2.1111871018747452e-10,-3.85306327036099e-08,63.209228515625
CO,2024-11-15,octiles,Pragmatist,0.3125,2.192428372098466,252,18,-0.0023086019585873588,-0.002308602571619834,6.130324750434901e-10,2.6554273367185684e-07,49.65886950492859
CO,2024-11-15,octiles,Analyst,0.4375,1.2844272901400569,252,18,0.0010242982850919601,0.0010242976436864706,6.414054894848809e-10,6.261901428716113e-07,28.928938627243042
CO,2024-11-15,v1,Guardian,0.158,5.275485526872802,252,18,-0.006336489241272382,-0.0063364861526267946,-3.088645587553951e-09,-4.874379912832841e-07,57.23273277282715
CO,2024-11-15,v1,Sentinel,0.257,2.8765623326732883,252,18,-0.0036682546041822165,-0.0036682552531773554,6.489951388799486e-10,1.769220539217813e-07,58.8543963432312
